geneID,sex,group,description,notes,,,,,,,,,,
cgd4_130,female,Transcription and RNA ,RRM/KH domain containing protein,"Central RNA-binding domain,spanning KH domain (bind RNA or ssDNA)",,,,,,,,,,
cgd4_1360,female,Transcription and RNA ,"Zinc finger, C3HC4 type (RING) containing protein","N terminal transmembrane domain, C terminal RING domain, C terminal C3HC4 Zinc finger ",,,,,,,,,,
cgd7_70,female,Transcription and RNA ,Integral membrane protein with 6 transmembrane domains and possible ring domain,"7 transmembrane domains, C terminal RING domain, C terminal C3HC4 Zinc finger ",,,,,,,,,,
cgd2_3810,female,Transcription and RNA ,FCP1 homology/Dullard phosphatase/HAD-like domain containing protein,"Spanning Nuclear Lim Interactor (transcription factor interactor), C terminal HAD domain, C terminal FCP1 homology domain (transcription factor interactor)",,,,,,,,,,
cgd4_1110,female,Transcription and RNA ,AP2/ERF domain containing protein,"AP2-F, experimentally validated as female in C. parvum",,,,,,,,,,
cgd2_3490,female,Transcription and RNA ,AP2/ERF domain containing protein,"Predicted AP2 transcription factor, larger protein with AP2/ERF domain",,,,,,,,,,
cgd6_1330,female,Transcription and RNA ,Uncharacterized protein with CCCH-type Zinc finger,"Near N terminal Zinc finger, CCCH-type (DNA binding), medium protein",,,,,,,,,,
cgd1_1690,female,Transcription and RNA ,PHD finger containing protein,"PHD Zinc finger domain (transcriptional regulation), medium protein",,,,,,,,,,
cgd2_3970,female,Transcription and RNA ,RNA recognition motif domain containing protein,"Central RNA recognition motif, spanning BOULE/DAZ BOULE/DAZ family domain (RNA binding)",,,,,,,,,,
cgd2_510,female,Meiosis,Homologous-pairing protein 2,Central to spanning Homologous pairing (stimulates DMC1 mediated strand exchange) with central winged helix domain ,,,,,,,,,,
cgd5_1750,female,Meiosis,HORMA domain containing protein,"N terminal HORMA domain (meiotic spindle assembly checkpoint), medium protein",,,,,,,,,,
cgd7_1690,female,Meiosis,Rad51/DMC1/RadA DNA repair Protein,"Spanning Rad51 DNA recombination and repair protein, Rad51_DMC1_RadA ",,,,,,,,,,
cgd1_840,female,Meiosis,Meiotic nuclear division protein 1,"Central and C terminal HTH domain (DNA binding), Spanning Meiotic nuclear division protein (homologous recombination during meiosis)",,,,,,,,,,
cgd7_1000,female,Meiosis,Eukariotic RRM plus AlkB domain containing protein,"N terminal RNA-binding domain, central to C terminal Alpha-ketoglutarate-dependent dioxygenase domain (oxidation), DNA repair protein ALKBH8 homolog related ",,,,,,,,,,
cgd8_1020,female,Meiosis,Rad21/Rec8-like,"Spanning Rad21/Rec8-like domain (sister chromatid adhesion, cohesin complex) and C terminal Winged helix DNA-binding domain",,,,,,,,,,
cgd8_1350,female,Meiosis,Spo11/DNA topoisomerase 6 subunit A,TOP6A FAMILY Spo11/DNA topoisomerase VI subunit A,,,,,,,,,,
cgd1_2550,female,Transporters/Channels,Ctr copper transporter,3 transmembrane domains and Ctr Copper transporter,,,,,,,,,,
cgd6_2140,female,Transporters/Channels,Potassium channel domain containing protein,3 transmembrane domains and N terminal and central Calcium activated potassiun channel domains ,,,,,,,,,,
cgd5_3410,female,Transporters/Channels,Triose-phosphate Transporter family,9 transmembrane domains towards N terminus and N terminus to central sugar phosphate carrier domain,,,,,,,,,,
cgd7_2583,female,Transporters/Channels,Polysaccharide pyruvyl transferase,"9 transmembrane domains toward N terminus, central sugar phosphate transporter domain, and Polysaccharide pyruvyl transferase domain towards C terminus",,,,,,,,,,
cgd8_3910,female,Transporters/Channels,Major facilitator superfamily (MFS) domain containing protein,"11 transmembrane domains, spanning MFS transporter, medium protein",,,,,,,,,,
cgd7_4800,female,Transporters/Channels,Amino acid transporter,11 transmembrane domains and spanning Amino acid transporter domain ,,,,,,,,,,
cgd7_5130,female,Transporters/Channels,Uncharacterized protein,"N terminal to central NCS1 family purine/pyrimidine transporter, large protein",,,,,,,,,,
cgd8_20230,female,Transporters/Channels,Folate-biopterin transporter,"10 transmembrane domains, spanning MFS transporter, N terminal to central Biopterin transporter",,,,,,,,,,
cgd1_670,female,Secretory Proteins,Signal peptide region containing protein,"Signal peptide, large protein",,,,,,,,,,
cgd1_3830,female,Secretory Proteins,Uncharacterized protein,"Signal peptide, small protein, long 3' UTR",,,,,,,,,,
cgd4_1300,female,Secretory Proteins,Uncharacterized protein,"Signal peptide and transmembrane domain towards C terminus, medium protein. PANTHERDB call to extracellular matrix structural protein. ",,,,,,,,,,
cgd4_2430,female,Secretory Proteins,Uncharacterized protein,"Signal peptide and 2 central transmembrane domains, large protein",,,,,,,,,,
cgd5_1423,female,Secretory Proteins,Uncharacterized Secreted Protein (HCD gene family),"Signal peptide and (HCD=cholesterol processing?), large protein",,,,,,,,,,
cgd6_5340,female,Secretory Proteins,Uncharacterized Secreted Protein (HCD gene family),"Signal peptide, (HCD=cholesterol processing?), medium protein",,,,,,,,,,
cgd7_1290,female,Secretory Proteins,Uncharacterized protein,"Signal peptide, medium protein",,,,,,,,,,
cgd8_2680,female,Secretory Proteins,Uncharacterized protein,"Signal peptide, small protein",,,,,,,,,,
cgd8_1160,female,Secretory Proteins,Uncharacterized Secreted Protein,"Signal peptide and C terminal transmembrane domain. Long strech of Ts (glycosylation?), medium protein", ,,,,,,,,,
cgd5_743,female,Secretory Proteins,Uncharacterized protein,"Signal peptide, medium protein",,,,,,,,,,
cgd1_260,female,Secretory Proteins,Signal peptide region containing protein,"Signal peptide, medium protein",,,,,,,,,,
cgd4_4270,female,Secretory Proteins,Uncharacterized protein,"Signal peptide, medium protein",,,,,,,,,,
cgd5_1220,female,Secretory Proteins,Uncharacterized protein,"Signal peptide , medium protein",,,,,,,,,,
cgd5_3930,female,Secretory Proteins,Uncharacterized protein,"Signal peptide, small protein",,,,,,,,,,
cgd7_5450,female,Secretory Proteins,Uncharacterized protein,"Signal peptide and central transmembrane domain, medium protein",,,,,,,,,,
cgd8_3670,female,Secretory Proteins,Uncharacterized Secreted Protein,"Transmembrane domain towards N terminus, small protein",,,,,,,,,,
cgd7_4880,female,Secretory Proteins,Uncharacterized Protein,"Signal peptide and N terminal and C terminal transmembrane domains, small protein",,,,,,,,,,
cgd2_3913,female,Secretory Proteins,Uncharacterized protein,"Signal peptide, small protein",,,,,,,,,,
cgd4_1133,female,Secretory Proteins,Uncharacterized protein,"Signal peptide and transmembrane domain towards N terminus, small protein",,,,,,,,,,
cgd4_2553,female,Secretory Proteins,Uncharacterized protein,"Signal peptide and 4 spanning transmembrane domains, small protein",,,,,,,,,,
cgd7_400,female,Secretory Proteins,Uncharacterized protein,"Signal peptide, medium protein, long 5' UTR",,,,,,,,,,
cgd8_3133,female,Secretory Proteins,Uncharacterized protein,"Signal peptide, long 3' UTR, small protein",,,,,,,,,,
cgd4_1620,female,Proteins with Binding & Interacting domains,unspecified product,Medium protein that contains a domain of unknown function DUF4392,,,,,,,,,,
cgd4_3720,female,Proteins with Binding & Interacting domains,Uncharacterized protein with Tetratricopeptide repeat,"N terminal Tetratricopeptide-like helical domain, large protein",,,,,,,,,,
cgd2_1230,female,Proteins with Binding & Interacting domains,Uncharacterized protein with Armadillo-type fold,"Spanning Armadillo type fold (substrate binding, largely proteins and nucleic acids), medium protein",,,,,,,,,,
cgd6_170,female,Proteins with Binding & Interacting domains,Synaptobrevin-like protein,"Transmembrane domain towards C terminus, spanning Snaptobrevin (SNARE, vesicle trafficking), N terminal and Longin domain (VAMP)",,,,,,,,,,
cgd4_1450,female,Proteins with Binding & Interacting domains,Uncharacterized protein,"2 transmembrane domains towards C terminus, Fibrion heavy chain FIB like subfamily 6 by PANTHER (Glycine rich cell wall strucutral protein), large protein",,,,,,,,,,
cgd4_400,female,Proteins with Binding & Interacting domains,Tetratricopeptide repeat-containing protein,"Central tetratricopeptide repeat (protein-protein interactions), medium protein",,,,,,,,,,
cgd6_3330,female,Proteins with Binding & Interacting domains,SPX/VTC domain containing protein,"3 transmembrane domains C terminal, SPX domain (signal transduction) towards N terminus, C terminal DUF202, large protein",,,,,,,,,,
cgd6_4590,female,Proteins with Binding & Interacting domains,Ankyrin repeat-containing protein,"Central to C terminal Ankyrin repeat domain (protein-protein interaction), medium protein",,,,,,,,,,
cgd8_2950,female,Proteins with Binding & Interacting domains,Yh1017wp/PTM1-like protein,"8 transmembrane domains N terminal to central, central GPR107/GPR108-like (G protein coupled receptor like), medium protein",,,,,,,,,,
cgd8_4860,female,Proteins with Binding & Interacting domains,Uncharacterized protein with WD40 repeat,"Signal peptide and WD40 domain called by orthology (protein-protein interaction), medium protein",,,,,,,,,,
cgd3_440,female,Proteins with Binding & Interacting domains,C-type lectin containing protein,Central transmembrane domain and lectin by homology ,,,,,,,,,,
cgd1_1910,female,Proteins with Binding & Interacting domains,DnaJ domain containing protein,"C terminal DnaJ domain (Hsp family of chaperone proteins), small protein",,,,,,,,,,
cgd8_2800,female,Proteins with Binding & Interacting domains,Signal peptide LNR (Lin-12/Notch) repeat containing protein,"Signal peptide, N terminal transmembrane domain, central Notch like domain, central Phosphotransferase subunits alpha/bets ",,,,,,,,,,
cgd4_4253,female,Proteins with Binding & Interacting domains,Uncharacterized protein with Armadillo-like helical,"Spanning Armadillo fold (substrate binding, largely proteins and nucleic acids), medium protein",,,,,,,,,,
cgd8_730,female,Proteins with Binding & Interacting domains,Modulator of levamisole receptor-1,"Signal peptide, central transmembrane domain, towards N terminus Modulator of levamisole receptor-1 (regulator of acetylcholine receptor?)",,,,,,,,,,
cgd6_1340,female,Proteins with Binding & Interacting domains,Calycin/START domain containing protein,"7 transmembrane domains towards N terminus, C terminal START domain (lipid binding), large protein",,,,,,,,,,
cgd6_1840,female,Cell cycle ,CBS/Cyclin M2-like membrane-associated protein,"5 transmembrane domains towards the N terminus, central CBS domain (membrane association), Cyclin by homology",,,,,,,,,,
cgd2_3890,female,Cell cycle ,Serine/threonine-protein kinase,"Spanning protein-kinase like domain, medium protein",,,,,,,,,,
cgd5_4390,female,Cell cycle ,Serine/threonine protein kinase,"Central to C terminal protein kinase, medium protein",,,,,,,,,,
cgd7_3760,female,Cell cycle ,Protein kinase domain containing protein,"Spanning protein kinase-like domain and central Serine/threonine-protein kinase active site, small protein",,,,,,,,,,
cgd5_2660,female,Enzymes of various functions ,Peptidase M16 C-terminal domain containing protein,"Peptidase domain called by homology , large protein",,,,,,,,,,
cgd8_4740,female,Enzymes of various functions ,4'-phosphopantetheinyl transferase,"Central to C terminal 4'-phosphopantetheinyl transferase domain, medium protein",,,,,,,,,,
cgd8_3680,female,Enzymes of various functions ,Acetyl-CoA carboxylase,Spanning Acetyl-CoA carboxylase ,,,,,,,,,,
cgd7_2320,female,Enzymes of various functions ,Thioesterase of the a/b hydrolase,"Spanning Alpha/Beta hydrolase fold, N terminal Thioesterase type II, medium protein ",,,,,,,,,,
cgd7_680,female,Enzymes of various functions ,O-acyltransferase WSD1 C-terminal domain containing protein,N terminal transmembrane domain and C terminal O-acyltransferase WSD1 domain ,,,,,,,,,,
cgd3_2180,female,Enzymes of various functions ,Type I fatty acid synthase,"Spanning Thiolase-like domain (fatty acid biosynthesis), C terminal NAD_binding_4  domain (male sterility), very large (8000+ AA)",,,,,,,,,,
cgd3_80,female,Enzymes of various functions ,Adenosylhomocysteinase,"Spanning Formate/glycerate dehydrogenase domain (redox?), spanning Adenosylhomocysteinase-like (methyl cycle of nucleotides) and towards C terminus NAD(P)-binding Rossmann-fold domain",,,,,,,,,,
cgd3_3430,female,Enzymes of various functions ,Amine oxidase,"Signal peptide, N terminal Concanavalin A-like lectin/glucanase domain (glycoprotein attachment), C terminal Copper amine oxidase catalytic domain (oxidation)",,,,,,,,,,
cgd4_910,female,Enzymes of various functions ,Histidine phosphatase superfamily clade-2,"Signal peptide and spanning histidine phosphatase, medium protein",,,,,,,,,,
cgd7_1810,female,Enzymes of various functions ,Chitobiosyldiphosphodolichol beta-mannosyltransferase ALG1-like,"N terminal transmembrane domain, C terminal Glycosyltransferase/glycogen phosphorylase, spanning Chitobiosyldiphosphodolichol beta-mannosyltransferase ALG1-like ",,,,,,,,,,
cgd7_2990,female,Enzymes of various functions ,Inositol polyphosphate kinase,Spanning Inositol polyphosphate kinase domain,,,,,,,,,,
cgd7_4780,female,Enzymes of various functions ,Glutathione S-transferase,"Spanning Glutathione S-transferase, C-terminal domain (detoxification?)",,,,,,,,,,
cgd3_2870,female,Enzymes of various functions ,acyl_CoA synthetases,"Spanning Acetyl-CoA synthetase-like, central AMP-dependent synthetase",,,,,,,,,,
cgd1_280,female,Enzymes of various functions ,Short-chain dehydrogenase/reductase SDR,"N terminal transmembrane domain, spanning NAD(P)-binding Rossmann-fold domains, and towards N terminal Short chain dehydrogenase (oxidoreductases)",,,,,,,,,,
cgd2_210,female,Enzymes of various functions ,Glycerol-3-phosphate dehydrogenase [NAD(+)],"Spanning NAD(P)-binding Rossmann-fold domains, Dehydrogenase ",,,,,,,,,,
cgd3_1580,female,Enzymes of various functions ,Alpha glucosidase-like faimly 31 glycosyl hydrolases,"Spanning Galactose mutarotase-like domain (galactose conversion), Alpha glucosidase (breakdown of glucose)",,,,,,,,,,
cgd4_4000,female,Enzymes of various functions ,Diamine acetyltransferase,"Spanning Acyl-CoA N-acyltransferase, central GNAT domain (subset of acetyltransferases)",,,,,,,,,,
cgd6_3720,female,Enzymes of various functions ,Pyrroline-5-carboxylate reductase,Spanning carboxylate reductase (last step in proline from glutatmine synthesis),,,,,,,,,,
cgd8_2370,female,Enzymes of various functions ,Adenosine kinase/Carbohydrate kinase PfkB,"Spanning Ribokinase-like, Carbohydrate kinase, and spanning Adenosine kinase ",,,,,,,,,,
cgd8_1720,female,Enzymes of various functions ,Aldehyde/Alcohol dehydrogenase,"Spanning aldehyde/histidinol dehydrogenase (Iron type), large protein",,,,,,,,,,
cgd7_270,female,Enzymes of various functions ,AD/NAD(P)-binding domain containing protein,"Central to C terminal FAD/NAD(P) binding domain, C terminal Amine oxidase domain",,,,,,,,,,
cgd8_1700,female,Enzymes of various functions , Iron-containing alcohol dehydrogenase,"Spanning Alcohol dehydrogenase (iron-type/glycerol dehydrogenase), and spanning Dehydroquinate synthase-like domain",,,,,,,,,,
cgd5_4380,female,Enzymes of various functions ,RmlC-like jelly roll fold containing protein,"RmlC-like jelly roll fold called by homology (sugar isomerization), small protein",,,,,,,,,,
cgd7_3120,female,Enzymes of various functions ,Thiamine pyrophosphate enzyme,"Towards C terminus transmembrane domain, central NAD/FAD-binding domain, and spanning Thiamine pyrophosphate (TPP)-dependent enzyme domain",,,,,,,,,,
cgd4_1910,female,Enzymes of various functions ,Alpha/Beta hydrolase fold-containing protein,"Towards N terminus transmembrane domain, central Domain of unknown function DUF676, lipase-like, central Alpha/beta hydrolase, medium protein",,,,,,,,,,
cgd4_300,female,Enzymes of various functions ,Alpha/Beta hydrolase,"Central to C terminal Alpha/beta hydrolase, medium protein",,,,,,,,,,
cgd8_5050,female,Enzymes of various functions ,Palmitoyltransferase,"4 transmembrane domains, central DHHC Palmitoyltransferase domain, and spanning Zinc finger DHHC domain ",,,,,,,,,,
cgd3_2730,female,ATPase ,Phospholipid-transporting ATPase,10 transmembrane domains and P-type ATPase with central HAD domain,,,,,,,,,,
cgd4_2720,female,ATPase ,p-type Atpase,8 transmembrane domains and P-type ATPase with central HAD domain ,,,,,,,,,,
cgd3_3740,female,ATPase ,p-type ATPase 2,6 Transmembrane domains and P-type ATPase with central HAD domain ,,,,,,,,,,
cgd1_2370,female,Mitochondria ,Mitochondrial carrier domain containing protein,"4 spanning transmembrane domains, spanning mitochondrial carrier domain (transport across mitochondiral membranes)",,,,,,,,,,
cgd8_2360,female,Mitochondria ,Romo1/Mgr2,"2 central transmembrane domains, central Romo1/Mgr2 (mitochondria, ROS response), small protein",,,,,,,,,,
cgd1_3550,female,Oocyst Wall (identified via spatial proteomics),Apple domain containing protein,Central Apple domain (protein-protein or protein-carbohydrate interactions),,,,,,,,,,
cgd7_4310,female,Oocyst Wall (identified via spatial proteomics),"Cysteine-rich secretory protein, allergen V5/Tpx-1-related",Signal peptide and CAP domain (N term and central),,,,,,,,,,
cgd1_800,female,Oocyst Wall (identified via spatial proteomics),Protein disulfide isomerase,"Signal peptide, central thioredoxin domain (redox enxyme)",,,,,,,,,,
cgd3_3700,female,Oocyst Wall (identified via spatial proteomics),Uncharacterized protein,"N terminal transmembrane domain, large protein",,,,,,,,,,
cgd7_4560,female,Oocyst Wall (identified via spatial proteomics),Sushi/SCR/CCP/SbsA/lg-like domain containing protein,C terminal transmembrane domain and central Sushi domain (recognition process?),,,,,,,,,,
cgd2_1590,female,Oocyst Wall (identified via spatial proteomics),Apple/EGF_like/Apple domain containing extracellular protein,"N terminal growth factor receptor domain (cysteine rich), EGF like calcium binding domain (extracellular, protein-protein interactions), Apple domain (protein-protein or protein-carbohydrate interactions)",,,,,,,,,,
cgd4_3090,female,Oocyst Wall (identified via spatial proteomics),Oocyst wall protein 6,"N terminal growth factor receptor domain (cysteine rich), N terminal EGF like calcium binding domain (extracellular, protein-protein interactions), Central apple domain (protein-protein or protein-carbohydrate interactions)",,,,,,,,,,
cgd8_4830,female,Oocyst Wall (identified via spatial proteomics),"Signal peptide, Kazal-type serine protease inhibitor domain containing protein","Signal peptide and N terminal Kazal domain (serine protease inhibitor) and Follistatin domain (cell cycle, growth?)",,,,,,,,,,
cgd2_4350,female,Oocyst Wall (identified via spatial proteomics),Patched family protein,10 transmembrane domains and Patched family protein (Hedgehog signaling pathway),,,,,,,,,,
cgd3_1860,female,Oocyst Wall (identified via spatial proteomics),EGF-like domain containing extracellular protein,Central EGF domain and central Growth factor receptor domain (cysteine rich),,,,,,,,,,
cgd6_3730,female,Oocyst Wall (identified via spatial proteomics),"Signal peptide, Peptidase S8/S53 domain containing protein","C terminal transmembrane and signal peptide and central Peptidase domain, large protein",,,,,,,,,,
cgd2_2510,female,Oocyst Wall (identified via spatial proteomics),Glucose-methanol-choline oxidoreductase,Signal peptide and N terminal to central FAD/NAD(P) binding domain,,,,,,,,,,
cgd2_850,female,Oocyst Wall (identified via spatial proteomics),Uncharacterized protein,"Signal peptide, medium protein",,,,,,,,,,
cgd4_500,female,Oocyst Wall (identified via spatial proteomics),Oocyst wall protein 7,Growth factor receptor domain (cysteine rich) near N terminus,,,,,,,,,,
cgd6_210,female,Oocyst Wall (identified via spatial proteomics),Oocyst wall protein 9,"Signal peptide, large protein",,,,,,,,,,
cgd6_4840,female,Oocyst Wall (identified via spatial proteomics),"Serine protease, subtilase family, signal peptide",Signal peptide and central subtilisin-peptidase domains,,,,,,,,,,
cgd6_670,female,Oocyst Wall (identified via spatial proteomics),"Aspartic acid and asparagine hydroxylation/Peptidase C11, clostripain domain contining protein","C terminal transmembrane domain, C11 peptidase domain N terminal, EGF-like domin towards C terminus, Aspartic acid and asparagine hydroxylation called by orthology",,,,,,,,,,
cgd6_710,female,Oocyst Wall (identified via spatial proteomics),Uncharacterized Secreted Protein,"Signal peptide and N terminal transmembrane domain, medium protein",,,,,,,,,,
cgd7_1800,female,Oocyst Wall (identified via spatial proteomics),Chitin-binding type-2 domain containing protein,"N terminal Transmembrane domain and N terminal growth factor receptor domain (cysteine rich), large protein",,,,,,,,,,
cgd8_2670,female,Oocyst Wall (identified via spatial proteomics),Glucose-methanol-choline oxidoreductase,N terminal transmembrane and signal peptide. Spanning FAD/NAD(P) binding domain  ,,,,,,,,,,
cgd8_3350,female,Oocyst Wall (identified via spatial proteomics),Oocyst wall protein 4,"Signal peptide and central growth factor receptor domain (cysteine rich), large protein",,,,,,,,,,
cgd8_4660,female,Oocyst Wall (identified via spatial proteomics),Uncharacterized protein,"N terminal transmembrane domain, medium protein",,,,,,,,,,
cgd4_670,female,Oocyst Wall (identified via spatial proteomics),Oocyst wall protein 3,"Signal peptide, large protein",,,,,,,,,,
cgd5_3073,female,Oocyst Wall (identified via spatial proteomics),Carboxylic ester hydrolase,Signal peptide and N terminal to central alpha/beta hydrolase fold,,,,,,,,,,
cgd6_2090,female,Oocyst Wall (identified via spatial proteomics),Growth factor receptor cysteine-rich domain containing protein,Signal peptide and N terminal growth factor receptor domain (cysteine rich),,,,,,,,,,
cgd6_2900,female,Oocyst Wall (identified via spatial proteomics),Exostosin-like protein,Central exotosin domain (glycosyltransferase),,,,,,,,,,
cgd7_5150,female,Oocyst Wall (identified via spatial proteomics),Chitin-binding type-2 domain containing protein,"Signal peptide and Chitin binding protein called by orthology, medium protein",,,,,,,,,,
cgd7_850,female,Oocyst Wall (identified via spatial proteomics),Patched family protein/Sterol-sensing domain-containing protein,10 transmembrane domains and central Patched family protein (Hedgehog signaling pathway),,,,,,,,,,
cgd8_5080,female,Oocyst Wall (identified via spatial proteomics),Uncharacterized protein,"Signal peptide, medium protein",,,,,,,,,,
cgd3_1540,female,Oocyst Wall (identified via spatial proteomics),Signal peptide containing protein ,"Signal peptide and C terminal MANSC domain (growth factor binding?), large protein",,,,,,,,,,
cgd6_4440,female,Oocyst Wall (identified via spatial proteomics),Uncharacterized protein,"N terminal transmembrane domain, medium protein",,,,,,,,,,
cgd8_4230,female,Oocyst Wall (identified via spatial proteomics),Glucose-methanol-choline oxidoreductase,Signal peptide and spanning FAD/NAD(P) binding domain  ,,,,,,,,,,
cgd8_5090,female,Oocyst Wall (identified via spatial proteomics),Uncharacterized protein,"N terminal transmembrane domain, medium protein",,,,,,,,,,
cgd3_190,female,Oocyst Wall (identified via spatial proteomics),Fibrillin/EGF-like calcium-binding conserved site-containing protein,"C terminal EFG calcium binding, medium protein",,,,,,,,,,
cgd6_200,female,Oocyst Wall (identified via spatial proteomics),Oocyst wall protein 8,"Signal peptide, medium protein",,,,,,,,,,
cgd2_2100,female,Crystalloid Body (identified via spatial proteomics),Uncharacterized protein,"Signal peptide and N terminal transmembrane domain, small protein ",,,,,,,,,,
cgd2_2110,female,Crystalloid Body (identified via spatial proteomics),Uncharacterized protein,"N terminal transmembrane domain, small protein",,,,,,,,,,
cgd6_820,female,Crystalloid Body (identified via spatial proteomics),Uncharacterized Secreted Protein,"Signal peptide and N terminal transmembrane domain, medium protein",,,,,,,,,,
cgd7_1730,female,Crystalloid Body (identified via spatial proteomics),CpCCp1/Cpa135,"N terminal Ricin B like lectin, central LCCL domain (autonomously folding region), central Fibrinogen-like domain (immue function?)",,,,,,,,,,
cgd7_300,female,Crystalloid Body (identified via spatial proteomics),"CpCCP2 extracellular protein with a signal peptide, ricin, discoidin, NEC, LCCL, 2 levanase and an apicomplexan-specific cysteine-rich repeat (ApicA repeat)","Signal peptide, Galactose binding domain. Towards N terminus, Ricin B like lectin towards N terminus, central LCCL domain (autonomously folding region)",,,,,,,,,,
cgd7_4810,female,Crystalloid Body (identified via spatial proteomics),Fibronectin II collagen-binding/PA14 domain containing protein,"Signal peptide, central PA 14 domain (binding carbohydrate or peptidoglycan)",,,,,,,,,,
cgd7_5140,female,Crystalloid Body (identified via spatial proteomics),Uncharacterized Protein,"Signal peptide, medium protein",,,,,,,,,,
cgd8_4310,female,Crystalloid Body (identified via spatial proteomics),PH domain-like protein,"PH domain by orthology (cell signaling), small protein",,,,,,,,,,
cgd2_790,female,Crystalloid Body (identified via spatial proteomics),LH2/LCCL/SRCR domain containing protein,"N terminal Lipase/Lipooxygenase (Lipid associated protein), LCCL domain (autonomously folding region) towards N terminus, spanning multidomain scavenger receptor like protein",,,,,,,,,,
cgd6_313,female,Crystalloid Body (identified via spatial proteomics),Uncharacterized protein,"No notable features, small protein",,,,,,,,,,
cgd8_4290,female,Crystalloid Body (identified via spatial proteomics),PH domain-like protein,"Signal peptide, PH domain by orthology (cell signaling), small protein",,,,,,,,,,
cgd2_3500,female,Additional Membrane Proteins,Uncharacterized protein,"N terminal and C terminal transmembrane domains, large protein",,,,,,,,,,
cgd5_3980,female,Additional Membrane Proteins,Uncharacterized protein,"Transmembrane domain towards the N terminus, medium protein",,,,,,,,,,
cgd5_4160,female,Additional Membrane Proteins,Uncharacterized protein,"Transmembrane domain towards the N terminus, medium protein",,,,,,,,,,
cgd8_960,female,Additional Membrane Proteins,Uncharacterized protein,"7 transmembrane domains, medium protein",,,,,,,,,,
cgd2_670,female,Additional Membrane Proteins,Uncharacterized protein,"6 transmembrane domains, small protein",,,,,,,,,,
cgd8_4450,female,Additional Membrane Proteins,Uncharacterized protein,"9 transmembrane domains, medium protein",,,,,,,,,,
cgd2_3140,female,Additional Membrane Proteins,Uncharacterized protein,"N terminal transmembrane domain, medium protein",,,,,,,,,,
cgd2_3820,female,Additional Membrane Proteins,Uncharacterized protein,"Transmembrane domain towards N terminus, small protein (108 AA)",,,,,,,,,,
cgd5_3810,female,Additional Membrane Proteins,Uncharacterized protein,"N terminal transmembrane domain, medium protein",,,,,,,,,,
cgd4_1103,female,Additional Membrane Proteins,Uncharacterized protein,"3 transmembrane domains (2 central and 1 C terminal), small protein",,,,,,,,,,
cgd5_1370,female,Additional Membrane Proteins,Uncharacterized protein,"2 transmembrane domains towards N terminus, small protein",,,,,,,,,,
cgd7_150,female,Additional Membrane Proteins,Uncharacterized protein,"2 transmembrane domains (N terminal and C terminal), small protein",,,,,,,,,,
cgd8_4390,female,Additional Membrane Proteins,Uncharacterized protein,"4 spanning transmembrane domains, small protein",,,,,,,,,,
cgd7_3380,female,Additional Membrane Proteins,Uncharacterized Protein,"1 C terminal transmembrane domain, small protein",,,,,,,,,,
cgd1_2200,female,Proteins without Identifiable Features,Uncharacterized protein,"No signal peptide or transmembrane domain, medium protein",,,,,,,,,,
cgd5_4150,female,Proteins without Identifiable Features,Uncharacterized protein,"No signal peptide or transmembrane domain, medium protein",,,,,,,,,,
cgd6_770,female,Proteins without Identifiable Features,Uncharacterized protein,"No signal peptide or transmembrane domain, small protein",,,,,,,,,,
cgd5_3190,female,Proteins without Identifiable Features,Uncharacterized protein,"No signal peptide or transmembrane domain, small protein",,,,,,,,,,
cgd6_5230,female,Proteins without Identifiable Features,Uncharacterized protein,"No signal peptide or transmembrane domain, medium protein",,,,,,,,,,
cgd8_990,female,Proteins without Identifiable Features,Uncharacterized protein,"No signal peptide or transmembrane domain, large protein ",,,,,,,,,,
cgd4_2410,female,Proteins without Identifiable Features,Uncharacterized protein,"No signal peptide or transmembrane domain, medium protein",,,,,,,,,,
cgd5_1210,female,Proteins without Identifiable Features,Uncharacterized protein,"No signal peptide or transmembrane domain, medium protein, two longer stretches of Ts (possible glycosylation)",,,,,,,,,,
cgd2_1220,female,Proteins without Identifiable Features,Uncharacterized protein,"No signal peptide or transmembrane domain, medium protein",,,,,,,,,,
cgd5_760,female,Proteins without Identifiable Features,Uncharacterized protein,"No signal peptide or transmembrane domain, medium protein",,,,,,,,,,
cgd5_770,female,Proteins without Identifiable Features,Uncharacterized protein,"No signal peptide or transmembrane domain, small protein",,,,,,,,,,
cgd6_2110,female,Proteins without Identifiable Features,Uncharacterized protein,"No signal peptide or transmembrane domain, large protein",,,,,,,,,,
cgd7_5390,female,Proteins without Identifiable Features,Uncharacterized protein,"No signal peptide or transmembrane domain, medium protein",,,,,,,,,,
cgd6_4520,female,Proteins without Identifiable Features,Uncharacterized protein,"No signal peptide or transmembrane domain, medium protein",,,,,,,,,,
cgd2_4103,female,Proteins without Identifiable Features,Uncharacterized protein,"No signal peptide or transmembrane domain, small protein",,,,,,,,,,
cgd3_4230,female,Proteins without Identifiable Features,Uncharacterized protein,"No signal peptide or transmembrane domain, medium protein",,,,,,,,,,
cgd4_1870,female,Proteins without Identifiable Features,Uncharacterized protein,"No signal peptide or transmembrane domain, small protein",,,,,,,,,,
cgd4_4390,female,Proteins without Identifiable Features,Uncharacterized protein,"No signal peptide or transmembrane domain, small protein, large UTRs ",,,,,,,,,,
cgd6_2100,female,Proteins without Identifiable Features,Uncharacterized protein,"No signal peptide or transmembrane domain, large protein ",,,,,,,,,,
cgd6_300,female,Proteins without Identifiable Features,Uncharacterized protein,"No signal peptide or transmembrane domain, small protein",,,,,,,,,,
cgd8_1390,female,Proteins without Identifiable Features,Uncharacterized protein,"No signal peptide or transmembrane domain, small protein",,,,,,,,,,
cgd6_3460,female,Proteins without Identifiable Features,Uncharacterized protein,"No signal peptide or transmembrane domain, large protein ",,,,,,,,,,
cgd2_1890,female,Proteins without Identifiable Features,Uncharacterized protein,"No signal peptide or transmembrane domain, small protein",,,,,,,,,,
cgd4_1880,female,Proteins without Identifiable Features,Uncharacterized protein,"No signal peptide or transmembrane domain, large protein ",,,,,,,,,,
cgd4_3700,female,Proteins without Identifiable Features,Uncharacterized protein,"No signal peptide or transmembrane domain, small protein",,,,,,,,,,
cgd1_1400,female,Proteins without Identifiable Features,Uncharacterized protein,"No signal peptide or transmembrane domain, large protein ",,,,,,,,,,
cgd8_1960,female,Proteins without Identifiable Features,Uncharacterized protein,"No signal peptide or transmembrane domain, medium protein",,,,,,,,,,
cgd8_2763,female,Proteins without Identifiable Features,Uncharacterized protein,"No signal peptide or transmembrane domain, small protein",,,,,,,,,,
cgd7_2820,female,Proteins without Identifiable Features,Uncharacterized protein,"No signal peptide or transmembrane domain, large protein ",,,,,,,,,,
cgd6_2250,male,Transcription and RNA ,Myb-like DNA-binding domain containing protein,Myb domain DNA binding protein. Myb-M (this study),,,,,,,,,,
cgd5_1380,male,Transcription and RNA ,Zinc finger C3H1-type domain containing protein,F11M21.28-like 3 CCCH RNA binding domain protein involved in RNA metabolism,,,,,,,,,,
cgd5_1830,male,Transcription and RNA ,Zinc finger C3H1-type domain containing protein,F11M21.28-like 3 CCCH RNA binding domain protein involved in RNA metabolism,,,,,,,,,,
cgd5_2870,male,Transcription and RNA ,Zinc finger C3H1-type domain containing protein,F11M21.28-like 3 CCCH RNA binding domain protein involved in RNA metabolism,,,,,,,,,,
cgd3_2970,male,Transcription and RNA ,Uncharacterized protein,Predicted AP2 transcription factor. Larger protein with a SET domain,,,,,,,,,,
cgd6_2670,male,Transcription and RNA ,Uncharacterized protein,"AP2-M, experimentally validated as male in C. parvum",,,,,,,,,,
cgd2_1270,male,Signaling,Membrane associated adenylyl cyclase,"Signalling component, potentially associated with egress, motility, or chemotaxis",,,,,,,,,,
cgd6_4020,male,Signaling,3'5'-cyclic nucleotide phosphodiesterase,Phosphodiesterase with 3 transmembrane spans towards the N term and the enzyme domain at the C term,,,,,,,,,,
cgd1_2980,male,Signaling,14-3-3 protein,"Adaptor proteins that act as regulators, binding often induced by ser/thre phosphorylation",,,,,,,,,,
cgd7_2470,male,Signaling,14-3-3 domain containing protein,"Adaptor proteins that act as regulators, binding often induced by ser/thre phosphorylation",,,,,,,,,,
cgd8_5323,male,Signaling,Serine/threonine-protein kinase,Putative protein kinase,,,,,,,,,,
cgd4_3240,male,Signaling,unspecified product,"NLI interacting factor-like phosphatase family, or HAD domains",,,,,,,,,,
cgd5_2510,male,Cell cycle,Serine/threonine-protein kinase,Cdc2-like protein kinase,,,,,,,,,,
cgd7_2490,male,Cell cycle,Cyclin,Cyclin,,,,,,,,,,
cgd7_660,male,Cell cycle,Cyclin-like protein,Cyclin possible cyclin A,,,,,,,,,,
cgd8_2180,male,Cell cycle,Serine/Threonine protein kinase,"Kinase, maybe NEK1",,,,,,,,,,
cgd8_2220,male,Secretory Proteins,Male gamete fusion factor,"HAP2, experimentally validated as male in C. parvum",,,,,,,,,,
cgd3_720,male,Secretory Proteins,Mucin,Very large secretory protein with many threonine residues. Likely O-glycosylated,,,,,,,,,,
cgd2_2610,male,Secretory Proteins,Secreted GGC gene family protein,GGC protein with signal peptide (unique to Cryptosporidium and all species have 4 of these),,,,,,,,,,
cgd5_3570,male,Secretory Proteins,Secreted GGC gene family protein,GGC protein with signal peptide,,,,,,,,,,
cgd7_5500,male,Secretory Proteins,Secreted GGC gene family protein,"GGC protein with signal peptide, GGC1 (this study)",,,,,,,,,,
cgd8_1740,male,Secretory Proteins,Secreted GGC gene family protein,GGC protein with signal peptide,,,,,,,,,,
cgd3_1130,male,Secretory Proteins,Uncharacterized protein,Smaller protein with signal peptide,,,,,,,,,,
cgd3_1830,male,Secretory Proteins,Uncharacterized protein,Larger secretory protein with signal peptide,,,,,,,,,,
cgd3_3550,male,Secretory Proteins,Trimeric LpxA-like protein,"Larger secretory protein with LPX-A like domain and some clear alphafold domains. The bacterial enzymes are transferases, often glycosyl transferases",,,,,,,,,,
cgd3_90,male,Secretory Proteins,Uncharacterized protein,Large secretory protein ,,,,,,,,,,
cgd6_4010,male,Secretory Proteins,Uncharacterized protein,Small secretory protein,,,,,,,,,,
cgd4_3870,male,Secretory Proteins,Uncharacterized protein,"Very large likely secretory protein (recessed SP), unique to Cryptosporidium",,,,,,,,,,
cgd4_4380,male,Secretory Proteins,Uncharacterized protein,Smalller secretory protein,,,,,,,,,,
cgd2_2850,male,Secretory Proteins,Uncharacterized protein,Smaller protein with signal peptide,,,,,,,,,,
cgd1_1260,male,Secretory Proteins,Uncharacterized protein,Smaller protein with signal peptide,,,,,,,,,,
cgd5_2680,male,Membrane Proteins,Uncharacterized protein,"Secretory protein with 5 transmembrane domains (2 toward N-term, 3 towards C-term)",,,,,,,,,,
cgd7_1240,male,Membrane Proteins,Uncharacterized protein,Smaller protein with recessed signal peptide or N-terminal transmembrane span,,,,,,,,,,
cgd8_2310,male,Membrane Proteins,Uncharacterized protein,Smaller protein with 4 transmembrane spans (First could potentially serve as signal peptide),,,,,,,,,,
cgd6_3060,male,Membrane Proteins,Uncharacterized protein,"Small protein with a central transmembrane span, or a very short protein with a recessed signal peptide",,,,,,,,,,
cgd6_380,male,Membrane Proteins,Golgi apparatus membrane protein TVP15,Small protein with 4 transmembrane spans. Similarity to COP components.,,,,,,,,,,
cgd3_680,male,Proteases & other Enzymes,Papain family cysteine protease,"Papain protease, no signal peptide",,,,,,,,,,
cgd6_900,male,Proteases & other Enzymes,"Peptidase C78, ubiquitin fold modifier-specific peptidase 1/ 2","Cysteine protease, no signal peptide",,,,,,,,,,
cgd1_720,male,Proteases & other Enzymes,HAD-like domain containing protein,Protein with conserved domain that is fused in vertebrates to neuralized domain repeats. Neuralized in Drosophila is a ubiquitin ligase.,,,,,,,,,,
cgd5_910,male,Proteases & other Enzymes,Uncharacterized protein,Protein with conserved domain that is fused in vertebrates to neuralized domain repeats. Neuralized in Drosophila is a ubiquitin ligase.,,,,,,,,,,
cgd8_2970,male,Proteases & other Enzymes,Glutathione S-transferase,Glutathione S-transferase. Note that in mammalian sperm GST is required for head decondensation and that another GST cgd is expressed in later female gametes (cgd7_4780).,,,,,,,,,,
cgd3_3130,male,Proteins with Binding & Interacting domains,Uncharacterized protein with Armadillo-type fold,"Medium sized protein with central armadillo fold, ARM proteins have many functions including cytoskeleton, chaperone,  invasion and motility , also there is an ARM protein needed for rhoptry placement & biogenesis in T. gondii",,,,,,,,,,
cgd3_520,male,Proteins with Binding & Interacting domains,PAN/Apple domain containing protein,"PAN/Apple domain, binding domains found in certain proteases, protein and glycan binding, no signal peptide",,,,,,,,,,
cgd6_5160,male,Proteins with Binding & Interacting domains,Microtubule-binding calmodulin-regulated spectrin-associated protein,CKK domain-containing protein,,,,,,,,,,
cgd2_1380,male,Proteins without Identifiable Features,Uncharacterized protein,Smaller protein without any clear featuers,,,,,,,,,,
cgd3_1100,male,Proteins without Identifiable Features,Uncharacterized protein,Medium sized no clear features,,,,,,,,,,
cgd3_3050,male,Proteins without Identifiable Features,Uncharacterized protein,Smaller protein without any clear featuers,,,,,,,,,,
cgd3_3450,male,Proteins without Identifiable Features,Uncharacterized protein,Smaller protein without any clear featuers,,,,,,,,,,
cgd5_1510,male,Proteins without Identifiable Features,Uncharacterized protein,Larger protein without structural features,,,,,,,,,,
cgd6_4090,male,Proteins without Identifiable Features,Uncharacterized protein,Smaller protein without any clear featuers,,,,,,,,,,
cgd1_1150,male,Proteins without Identifiable Features,Uncharacterized protein,Very short protein without any clear features,,,,,,,,,,