gene_name	motif_counts	gene_length	motif_counts_normalized_by_gene_length	avg_p_value	avg_motif_position	present_in_list	avg_q_value
cpbgf_7004020-RA	109	5811	18.757528824642918	3.226816513761468e-05	28.5283841622737	F	0.1949816513761468
cpbgf_8001340-RA	77	8421	9.14380714879468	3.855311688311688e-05	83.14857568509154	T	0.19927272727272727
cpbgf_300720-RA	70	35091	1.994813484939158	4.5064285714285714e-05	61.63228666691093	F	0.21130000000000002
cpbgf_5002500-RA	65	4860	13.37448559670782	3.99876923076923e-05	43.744381133270025	F	0.19864615384615386
cpbgf_4001290-RA	57	1680	33.92857142857142	3.750368421052632e-05	60.47775689223057	F	0.1975263157894737
cpbgf_2003920-RA	56	3708	15.102481121898599	3.687214285714286e-05	19.198354908306364	F	0.20083928571428572
cpbgf_5001220-RA	52	2350	22.127659574468087	3.637692307692308e-05	58.770867430441896	F	0.20038461538461538
cpbgf_100590-RA	47	7551	6.224341146867965	4.620063829787234e-05	91.9600616516905	T	0.21493617021276595
cpbgf_6004110-RA	44	5097	8.632528938591328	3.933863636363636e-05	14.751547255961617	T	0.1999090909090909
cpbgf_5002420-RA	41	3915	10.472541507024266	4.1229268292682925e-05	35.631249415942435	F	0.19953658536585364
cpbgf_8004840-RA	37	7230	5.117565698478562	4.241621621621622e-05	92.71634705244664	F	0.20402702702702705
cpbgf_300190-RA	35	2346	14.919011082693947	4.054e-05	33.913652417488734	F	0.2058
cpbgf_5003603-RA	31	3558	8.712759977515457	3.295645161290323e-05	56.260766287693336	F	0.19470967741935485
cpbgf_5002180-RA	23	4833	4.758948893027105	7.398260869565218e-05	71.3334053023147	F	0.24460869565217394
cpbgf_400510-RA	22	5418	4.060538944259874	3.8919545454545454e-05	73.87999597301922	F	0.19790909090909092
cpbgf_60060-RA	19	4689	4.052036681595223	4.0359473684210526e-05	93.34220067122381	F	0.202
cpbgf_2003550-RA	18	2583	6.968641114982578	3.736833333333333e-05	57.59882995655354	F	0.19872222222222222
cpbgf_6003940-RA	17	1128	15.070921985815602	3.870764705882353e-05	72.82801418439716	F	0.2005294117647059
cpbgf_2003490-RA	16	3828	4.179728317659353	4.608125e-05	63.007771682340646	F	0.2063125
cpbgf_300700-RA	15	3231	4.642525533890436	7.976666666666668e-05	49.71113174455793	F	0.2527333333333333
cpbgf_7001010-RA	13	17499	0.7428995942625293	4.546923076923077e-05	53.94440121853117	F	0.20884615384615385
cpbgf_3002620-RA	12	5688	2.109704641350211	2.3153333333333334e-05	84.6152719174871	F	0.19908333333333336
cpbgf_3001540-RA	11	4851	2.2675736961451247	4.297272727272727e-05	81.46867562451979	F	0.19954545454545453
cpbgf_7004500-RA	11	2493	4.412354592860008	4.2702727272727276e-05	26.541589176968237	F	0.2073636363636364
cpbgf_1003400-RA	10	1152	8.680555555555555	3.562e-05	46.28472222222222	F	0.1994
cpbgf_2003140-RA	10	2256	4.432624113475177	3.638e-05	64.01595744680851	F	0.1994
cpbgf_5001210-RA	10	1233	8.110300081103	4.054e-05	28.548256285482562	F	0.20579999999999998
cpbgf_8001160-RA	10	1563	6.397952655150352	4.546e-05	42.52079334612924	F	0.2122
cpbgf_8005380-RA	10	807	12.391573729863694	3.5615e-05	85.87360594795538	F	0.209
cpbgf_6001730-RA	9	16629	0.5412231643514342	6.679222222222223e-05	48.884144833991485	F	0.24300000000000002
cpbgf_6003730-RA	9	6810	1.3215859030837005	3.528888888888889e-05	60.10034263338228	F	0.19466666666666665
cpbgf_6003930-RA	9	2742	3.282275711159737	3.6577777777777776e-05	79.27911500121566	F	0.19433333333333336
cpbgf_600830-RA	9	9066	0.9927200529450695	4.116666666666667e-05	79.65107728509449	F	0.20277777777777778
cpbgf_8001220-RA	9	2085	4.316546762589928	3.486666666666666e-05	56.757260857980285	F	0.19466666666666665
cpbgf_400200-RA	8	5502	1.4540167211922936	4.79875e-05	81.6362231915667	F	0.21175
cpbgf_400260-RA	8	4080	1.9607843137254901	4.615e-05	80.17463235294117	F	0.20550000000000002
cpbgf_5002640-RA	8	2214	3.6133694670280034	5.01375e-05	43.05555555555556	F	0.21250000000000002
cpbgf_700420-RA	8	6129	1.3052700277369882	4.19e-05	15.04119758525045	F	0.196
cpbgf_8001250-RA	8	3453	2.3168259484506226	3.07e-05	16.29018245004344	F	0.193
cpbgf_8004110-RA	8	1806	4.4296788482834994	4.5525e-05	62.43078626799557	F	0.20750000000000002
cpbgf_100800-RA	7	1974	3.5460992907801416	3.07e-05	9.853090172239108	F	0.193
cpbgf_200220-RA	7	1419	4.933051444679352	3.574285714285714e-05	71.86650558743581	F	0.19757142857142856
cpbgf_3004150-RA	7	2244	3.1194295900178255	6.198571428571429e-05	39.93188184364654	F	0.22214285714285714
cpbgf_5001940-RA	7	7536	0.9288747346072187	6.397142857142856e-05	88.97387776766757	F	0.22942857142857145
cpbgf_6004290-RA	7	11418	0.6130670870555264	3.2300000000000006e-05	70.76107899807322	F	0.19342857142857145
cpbgf_8004940-RA	7	4254	1.6455101081335215	3.551428571428572e-05	84.52045133991537	F	0.19514285714285715
cpbgf_3001350-RA	6	3072	1.953125	6.37e-05	47.12456597222222	F	0.231
cpbgf_300440-RA	6	2328	2.577319587628866	5.633333333333333e-05	65.17038946162658	F	0.225
cpbgf_6003460-RA	6	2343	2.560819462227913	5.8288333333333336e-05	35.76611182244985	F	0.23066666666666666
cpbgf_6004170-RA	6	3003	1.998001998001998	4.77e-05	27.68897768897769	F	0.209
cpbgf_600500-RA	6	4998	1.2004801920768307	3.1333333333333334e-05	79.95531545951714	F	0.19299999999999998
cpbgf_700760-RA	6	2073	2.894356005788712	4.006666666666667e-05	69.7298601061264	F	0.1975
cpbgf_100180-RA	5	1587	3.15059861373661	3.0866e-05	20.93887838689351	F	0.1954
cpbgf_100750-RA	5	15741	0.3176418270757893	4.0706e-05	61.13652245727717	F	0.2082
cpbgf_2003780-RA	5	1584	3.1565656565656566	5.5886e-05	62.7209595959596	F	0.2314
cpbgf_2004380-RA	5	1434	3.486750348675035	3.146e-05	87.53835425383542	F	0.193
cpbgf_3002180-RA	5	24732	0.20216723273491835	6.172e-05	48.56178230632379	F	0.2298
cpbgf_300430-RA	5	13263	0.3769886149438287	5.4199999999999996e-05	77.16127572947298	F	0.2152
cpbgf_400480-RA	5	4032	1.2400793650793651	4.6126e-05	68.21180555555556	F	0.21280000000000002
cpbgf_60050-RA	5	525	9.523809523809526	3.45e-05	90.19047619047619	F	0.193
cpbgf_7001550-RA	5	2523	1.9817677368212443	3.4906e-05	37.38010305192232	F	0.2
cpbgf_8001570-RA	5	1713	2.918855808523059	4.054e-05	68.12025685931114	F	0.20579999999999998
cpbgf_8004620-RA	5	6423	0.7784524365561264	5.176e-05	62.35871088276506	F	0.2186
cpbgf_800970-RA	5	6318	0.7913896802785692	5.002e-05	77.61475150364039	F	0.2076
cpbgf_1002720-RA	4	2283	1.7520805957074026	5.0075e-05	62.10030661410425	F	0.21525
cpbgf_1003220-RA	4	2022	1.9782393669634024	7.6725e-05	57.838773491592484	F	0.246
cpbgf_1003240-RA	4	4332	0.9233610341643582	4.58e-05	52.31417359187443	T	0.20975
cpbgf_200270-RA	4	1638	2.442002442002442	4.58e-05	20.360195360195362	F	0.20975
cpbgf_2003540-RA	4	7191	0.556250869141983	3.35e-05	69.16284244194131	F	0.19375
cpbgf_2003590-RA	4	19740	0.20263424518743667	4.1375e-05	64.27811550151975	F	0.20175
cpbgf_3001600-RA	4	1278	3.1298904538341157	4.775e-05	71.79186228482003	F	0.21175
cpbgf_3001980-RA	4	2832	1.4124293785310735	5.69575e-05	41.75494350282486	F	0.23125
cpbgf_3003910-RA	4	2154	1.8570102135561746	4.4750000000000004e-05	40.13463324048282	F	0.19974999999999998
cpbgf_300820-RA	4	2961	1.3508949679162445	4.7575e-05	10.055724417426545	F	0.20199999999999999
cpbgf_4001110-RA	4	3480	1.1494252873563218	3.59575e-05	47.73706896551724	F	0.20175
cpbgf_4002900-RA	4	40242	0.09939863823865612	7.735e-05	40.040877689975645	F	0.247
cpbgf_4004120-RA	4	2799	1.4290818149339048	5.34575e-05	46.39156841729189	F	0.22575
cpbgf_5004390-RA	4	2391	1.672940192388122	3.63e-05	24.85361773316604	F	0.1945
cpbgf_6003900-RA	4	1035	3.864734299516908	4.195e-05	52.80193236714976	F	0.199
cpbgf_6004030-RA	4	3087	1.2957563977972142	6.7525e-05	69.22578555231615	F	0.23375
cpbgf_6004150-RA	4	4917	0.8135041692088673	7.78e-05	3.848891600569453	F	0.249
cpbgf_6005410-RA	4	2118	1.8885741265344667	5.0125e-05	73.31208687440981	F	0.21450000000000002
cpbgf_700110-RA	4	3021	1.32406487917908	6.80075e-05	75.95167163190996	F	0.2465
cpbgf_7001210-RA	4	612	6.5359477124183005	3.45e-05	35.947712418300654	F	0.193
cpbgf_7004560-RA	4	9249	0.43247918693912857	4.21075e-05	44.466969402097526	F	0.20975
cpbgf_7004620-RA	4	2223	1.799370220422852	3.6325e-05	22.30094466936572	F	0.196
cpbgf_7005500-RA	4	4452	0.8984725965858041	6.315e-05	51.69025157232704	F	0.23125
cpbgf_8001740-RA	4	4521	0.8847600088476001	6.64e-05	43.41959743419598	F	0.2285
cpbgf_8004200-RA	4	2736	1.461988304093567	4.32075e-05	64.92141812865498	F	0.212
cpbgf_8004480-RA	4	1641	2.4375380865326024	4.6624999999999995e-05	87.17245581962219	F	0.20900000000000002
cpbgf_800550-RA	4	7059	0.5666525003541578	3.974e-05	33.535203286584505	F	0.214
cpbgf_800660-RA	4	5004	0.7993605115907274	4.585e-05	68.6800559552358	F	0.20900000000000002
cpbgf_1001120-RA	3	1722	1.7421602787456445	5.72e-05	65.72783584978707	F	0.221
cpbgf_1002830-RA	3	975	3.076923076923077	6.47e-05	49.794871794871796	F	0.225
cpbgf_1003210-RA	3	3123	0.9606147934678194	5.186666666666666e-05	26.390223076102036	F	0.21533333333333335
cpbgf_1003230-RA	3	2595	1.1560693641618498	5.28e-05	71.72125883108542	T	0.22166666666666668
cpbgf_1003260-RA	3	1038	2.890173410404624	3.07e-05	31.936416184971097	F	0.19299999999999998
cpbgf_1003560-RA	3	4422	0.6784260515603798	4.9966666666666664e-05	41.55359565807328	T	0.20766666666666667
cpbgf_100470-RA	3	2781	1.0787486515641855	8.510000000000001e-05	27.382236605537575	F	0.26233333333333336
cpbgf_100890-RA	3	3999	0.7501875468867217	3.196666666666667e-05	47.26598316245728	T	0.19299999999999998
cpbgf_2003110-RA	3	3123	0.9606147934678194	6.683333333333334e-05	47.15017611271213	F	0.2356666666666667
cpbgf_200470-RA	3	3279	0.9149130832570906	7.023333333333334e-05	80.8529023076141	F	0.24300000000000002
cpbgf_3001180-RA	3	18465	0.16246953696181965	4.7100000000000006e-05	93.13024641213106	F	0.21433333333333335
cpbgf_3001230-RA	3	1110	2.7027027027027026	5.141e-05	67.07207207207207	F	0.225
cpbgf_300540-RA	3	6858	0.4374453193350831	4.4643333333333327e-05	68.07378244386119	T	0.21533333333333335
cpbgf_300610-RA	3	4290	0.6993006993006993	6.826666666666667e-05	40.40792540792541	F	0.23666666666666666
cpbgf_300680-RA	3	1239	2.4213075060532687	2.347666666666667e-05	62.4831853645413	F	0.19299999999999998
cpbgf_4003180-RA	3	1326	2.2624434389140275	4.566666666666667e-05	27.488687782805428	F	0.19899999999999998
cpbgf_4003530-RA	3	4737	0.6333122229259025	7.463333333333334e-05	32.87945957356977	F	0.24233333333333332
cpbgf_4004060-RA	3	3243	0.9250693802035153	8.820000000000002e-05	41.84911090554014	F	0.267
cpbgf_400460-RA	3	1308	2.293577981651376	4.1933333333333334e-05	56.38379204892966	F	0.19799999999999998
cpbgf_400490-RA	3	3564	0.8417508417508417	4.94e-05	38.69715675271231	F	0.21433333333333335
cpbgf_400530-RA	3	1152	2.6041666666666665	3.471e-05	35.22858796296296	F	0.19799999999999998
cpbgf_5001140-RA	3	1335	2.247191011235955	3.07e-05	26.079900124843945	F	0.19299999999999998
cpbgf_500180-RA	3	624	4.807692307692308	2.8476666666666668e-05	79.08653846153845	F	0.19400000000000003
cpbgf_5002070-RA	3	6372	0.4708097928436911	5.833333333333333e-05	77.64961288972589	F	0.21933333333333335
cpbgf_5002963-RA	3	7176	0.4180602006688963	6.403333333333334e-05	28.337513935340024	F	0.22666666666666668
cpbgf_5003300-RA	3	6255	0.47961630695443647	4.813333333333333e-05	90.52224886757261	F	0.21433333333333335
cpbgf_50040-RA	3	6114	0.4906771344455348	6.93e-05	51.07131174353942	F	0.23666666666666666
cpbgf_500730-RA	3	6684	0.4488330341113106	4.2476666666666666e-05	12.859066427289049	F	0.217
cpbgf_500810-RA	3	7017	0.42753313381787084	8.560000000000001e-05	63.29628046173579	F	0.26433333333333336
cpbgf_6001380-RA	3	1299	2.3094688221709005	4.813333333333333e-05	74.42904798562996	F	0.21433333333333335
cpbgf_600140-RA	3	2784	1.0775862068965516	5.563333333333333e-05	23.4375	F	0.21833333333333335
cpbgf_6002090-RA	3	4872	0.6157635467980296	6.84e-05	38.72126436781609	F	0.23833333333333337
cpbgf_6002140-RA	3	3303	0.9082652134423251	3.323333333333333e-05	43.70269452013321	F	0.19299999999999998
cpbgf_6002580-RA	3	2784	1.0775862068965516	6.703333333333334e-05	61.16499042145593	F	0.23333333333333336
cpbgf_6002950-RA	3	2817	1.0649627263045793	6.313333333333333e-05	59.14684652703823	F	0.22233333333333336
cpbgf_6003050-RA	3	3039	0.9871668311944718	5.096666666666667e-05	26.680925743117253	F	0.217
cpbgf_6003290-RA	3	5616	0.5341880341880343	5.083333333333334e-05	42.70239791073124	F	0.21533333333333335
cpbgf_6003400-RA	3	2940	1.0204081632653061	4.1933333333333334e-05	38.76984126984127	T	0.19799999999999998
cpbgf_6003650-RA	3	6993	0.429000429000429	8.073333333333332e-05	73.66652366652367	F	0.25366666666666665
cpbgf_6004460-RA	3	7695	0.3898635477582846	5.716666666666666e-05	48.73944119558155	F	0.219
cpbgf_6005060-RA	3	2010	1.492537313432836	4.7100000000000006e-05	64.0547263681592	F	0.21433333333333335
cpbgf_6005440-RA	3	3834	0.7824726134585289	5.607666666666667e-05	71.71361502347418	F	0.23233333333333336
cpbgf_600760-RA	3	2973	1.0090817356205852	3.4433333333333335e-05	31.92622491310685	F	0.19400000000000003
cpbgf_7001270-RA	3	12474	0.24050024050024052	4.931e-05	80.17877184543852	F	0.22266666666666668
cpbgf_7001730-RA	3	4671	0.6422607578676942	5.833333333333333e-05	25.472775280097053	F	0.21933333333333335
cpbgf_7002100-RA	3	6801	0.44111160123511245	7.553333333333333e-05	59.822084987501846	F	0.24666666666666667
cpbgf_7003350-RA	3	1926	1.557632398753894	5.563333333333333e-05	45.28383523710627	F	0.21833333333333335
cpbgf_7004660-RA	3	1398	2.1459227467811157	4.963333333333333e-05	27.40820219360992	F	0.21433333333333335
cpbgf_7004990-RA	3	20043	0.14967819188744202	2.347666666666667e-05	70.30135209300005	F	0.19299999999999998
cpbgf_7005130-RA	3	4875	0.6153846153846154	5.833333333333333e-05	74.75213675213675	F	0.21933333333333335
cpbgf_8001270-RA	3	6024	0.49800796812749004	4.493333333333333e-05	12.469566179725541	F	0.20466666666666666
cpbgf_8001360-RA	3	1878	1.5974440894568689	4.57e-05	39.60773872914448	F	0.20099999999999998
cpbgf_8002930-RA	3	2499	1.2004801920768307	6.026666666666667e-05	80.39882619714552	F	0.22366666666666668
cpbgf_8003680-RA	3	8178	0.36683785766691124	2.7210000000000002e-05	32.49164424879759	F	0.19400000000000003
cpbgf_8004470-RA	3	2625	1.142857142857143	4.2476666666666666e-05	45.03492063492063	F	0.217
cpbgf_1002730-RA	2	2082	0.9606147934678194	1.9865e-05	63.040345821325644	T	0.193
cpbgf_1002740-RA	2	2586	0.7733952049497294	4.3849999999999995e-05	45.59164733178655	F	0.199
cpbgf_1002800-RA	2	522	3.8314176245210727	5.875e-05	9.96168582375479	F	0.225
cpbgf_1003170-RA	2	4848	0.41254125412541254	4.6015e-05	50.082508250825086	T	0.225
cpbgf_1003520-RA	2	1671	1.196888090963495	3.63e-05	19.15020945541592	T	0.1945
cpbgf_1003590-RA	2	1338	1.4947683109118086	7.104999999999999e-05	71.8236173393124	F	0.241
cpbgf_1003910-RA	2	2055	0.9732360097323601	4.195e-05	58.783454987834546	F	0.199
cpbgf_100790-RA	2	4455	0.4489337822671156	5.32e-05	27.216610549943884	F	0.205
cpbgf_2001060-RA	2	2157	0.9272137227630969	4.7550000000000004e-05	22.160407974038016	F	0.2005
cpbgf_2001440-RA	2	735	2.7210884353741496	3.07e-05	46.93877551020408	F	0.193
cpbgf_2001460-RA	2	1914	1.0449320794148382	4.195e-05	43.20794148380355	F	0.199
cpbgf_2001780-RA	2	1317	1.5186028853454823	6.48e-05	25.01898253606682	F	0.2305
cpbgf_20020-RA	2	1986	1.0070493454179255	7.495e-05	38.56998992950655	F	0.245
cpbgf_2002100-RA	2	630	3.1746031746031744	8.845000000000001e-05	55.87301587301587	F	0.268
cpbgf_2002140-RA	2	5457	0.3665017408832692	3.5615e-05	33.47993402968664	F	0.20900000000000002
cpbgf_2002250-RA	2	603	3.316749585406302	8.845000000000001e-05	31.75787728026534	F	0.268
cpbgf_200230-RA	2	4791	0.4174493842621582	4.4465e-05	61.57378417866834	F	0.225
cpbgf_2002350-RA	2	1716	1.1655011655011656	3.07e-05	22.465034965034967	F	0.193
cpbgf_2002500-RA	2	1671	1.196888090963495	3.63e-05	87.1932974266906	F	0.1945
cpbgf_2002590-RA	2	6960	0.28735632183908044	4.7550000000000004e-05	50.13649425287356	F	0.2005
cpbgf_2002610-RA	2	7839	0.25513458349279244	5.53e-05	49.63005485393545	F	0.225
cpbgf_2003130-RA	2	1260	1.5873015873015872	3.07e-05	9.603174603174605	F	0.193
cpbgf_2003340-RA	2	2316	0.8635578583765112	6.11e-05	37.43523316062176	F	0.229
cpbgf_2003650-RA	2	972	2.05761316872428	3.5615e-05	88.9917695473251	F	0.20900000000000002
cpbgf_2003900-RA	2	3726	0.5367686527106817	4.3849999999999995e-05	85.77563070316694	F	0.199
cpbgf_2004270-RA	2	3741	0.5346164127238706	8.999999999999999e-05	55.68029938519112	F	0.268
cpbgf_200580-RA	2	6696	0.29868578255675027	5.205e-05	2.792712066905615	F	0.21050000000000002
cpbgf_200800-RA	2	1815	1.1019283746556472	3.63e-05	28.705234159779614	F	0.1945
cpbgf_3001330-RA	2	1542	1.297016861219196	3.45e-05	26.523994811932557	F	0.193
cpbgf_3001386-RA	2	327	6.116207951070336	3.07e-05	74.92354740061162	F	0.193
cpbgf_3001560-RA	2	597	3.3500837520938025	3.45e-05	77.05192629815745	F	0.193
cpbgf_3001700-RA	2	2109	0.948316737790422	3.63e-05	59.672830725462305	F	0.1945
cpbgf_3001840-RA	2	5274	0.37921880925293894	5.53e-05	44.7098976109215	F	0.225
cpbgf_3002120-RA	2	6252	0.3198976327575176	4.7550000000000004e-05	58.125399872040944	F	0.2005
cpbgf_3002360-RA	2	5418	0.36913990402362495	4.195e-05	31.05389442598745	F	0.199
cpbgf_3003840-RA	2	3303	0.6055101422948834	4.645e-05	20.647895852255523	F	0.20900000000000002
cpbgf_3004140-RA	2	4296	0.4655493482309125	2.5465e-05	51.94366852886406	F	0.1945
cpbgf_300640-RA	2	1755	1.1396011396011396	5.92e-05	36.38176638176638	F	0.229
cpbgf_300650-RA	2	2592	0.7716049382716049	4.645e-05	22.550154320987655	F	0.20900000000000002
cpbgf_30080-RA	2	1482	1.3495276653171389	6.385000000000001e-05	54.52091767881241	F	0.23600000000000002
cpbgf_300920-RA	2	1617	1.2368583797155226	6.945000000000001e-05	61.47186147186147	F	0.23750000000000002
cpbgf_4001340-RA	2	1571	1.273074474856779	5.53e-05	82.55887969446212	F	0.225
cpbgf_4001470-RA	2	2706	0.7390983000739099	3.63e-05	62.934220251293425	F	0.1945
cpbgf_400190-RA	2	6300	0.31746031746031744	6.81e-05	34.182539682539684	F	0.23099999999999998
cpbgf_4001970-RA	2	738	2.710027100271003	8.845000000000001e-05	30.284552845528456	F	0.268
cpbgf_4002180-RA	2	3399	0.5884083553986466	4.195e-05	79.19976463665785	F	0.199
cpbgf_400240-RA	2	1295	1.5444015444015444	6.945000000000001e-05	41.31274131274131	F	0.23750000000000002
cpbgf_4002470-RA	2	2535	0.7889546351084812	6.655e-05	63.491124260355036	F	0.23099999999999998
cpbgf_400250-RA	2	786	2.544529262086514	3.63e-05	8.142493638676845	F	0.1945
cpbgf_4002990-RA	2	2109	0.948316737790422	8.845000000000001e-05	39.094357515410145	F	0.268
cpbgf_4003090-RA	2	1617	1.2368583797155226	4.195e-05	79.09709338280766	F	0.199
cpbgf_4003280-RA	2	1677	1.1926058437686344	4.7550000000000004e-05	45.16994633273703	F	0.2005
cpbgf_4003320-RA	2	2088	0.9578544061302682	3.5615e-05	52.68199233716475	F	0.20900000000000002
cpbgf_4003420-RA	2	2871	0.6966213862765587	3.5615e-05	99.26854754440961	F	0.20900000000000002
cpbgf_4003460-RA	2	2229	0.8972633467922835	4.7550000000000004e-05	74.60744728577836	F	0.2005
cpbgf_4003550-RA	2	3690	0.5420054200542005	3.07e-05	82.22222222222223	F	0.193
cpbgf_4003580-RA	2	2667	0.7499062617172854	3.63e-05	22.459692538432698	F	0.1945
cpbgf_4003710-RA	2	3240	0.6172839506172839	6.655e-05	61.95987654320987	F	0.23099999999999998
cpbgf_4003720-RA	2	3930	0.5089058524173028	3.63e-05	86.05597964376591	F	0.1945
cpbgf_4004350-RA	2	2541	0.7870916961826052	3.07e-05	14.797323888232977	F	0.193
cpbgf_4004500-RA	2	2070	0.966183574879227	3.45e-05	85.55555555555554	F	0.193
cpbgf_400850-RA	2	6276	0.3186743148502231	4.19e-05	48.462396430847676	T	0.196
cpbgf_5001005-RA	2	2112	0.946969696969697	5.769999999999999e-05	52.36742424242425	F	0.215
cpbgf_5001460-RA	2	2148	0.931098696461825	5.875e-05	80.98230912476723	F	0.225
cpbgf_5001680-RA	2	4080	0.49019607843137253	5.205e-05	35.73529411764706	F	0.21050000000000002
cpbgf_5002780-RA	2	387	5.167958656330749	4.195e-05	87.72609819121448	F	0.199
cpbgf_5003110-RA	2	8664	0.23084025854108955	3.5615e-05	51.71975992613112	F	0.20900000000000002
cpbgf_5003390-RA	2	10791	0.18533963488091929	5.769999999999999e-05	85.3211009174312	F	0.215
cpbgf_5003600-RA	2	1374	1.455604075691412	6.655e-05	81.07714701601165	F	0.23099999999999998
cpbgf_5003700-RA	2	2001	0.9995002498750625	5.53e-05	71.76411794102948	F	0.225
cpbgf_5003730-RA	2	1416	1.4124293785310735	3.07e-05	86.44067796610169	F	0.193
cpbgf_500770-RA	2	3003	0.666000666000666	2.5465e-05	30.6027306027306	F	0.1945
cpbgf_6001410-RA	2	3018	0.6626905235255136	4.645e-05	56.69317428760769	F	0.20900000000000002
cpbgf_6001440-RA	2	2118	0.9442870632672333	3.63e-05	96.60056657223797	F	0.1945
cpbgf_6001590-RA	2	3531	0.5664117813650523	5.53e-05	72.24582271311243	F	0.225
cpbgf_600200-RA	2	1374	1.455604075691412	3.07e-05	51.419213973799124	F	0.193
cpbgf_6002480-RA	2	987	2.026342451874367	4.195e-05	79.7872340425532	F	0.199
cpbgf_6002710-RA	2	1551	1.2894906511927788	7.104999999999999e-05	30.04513217279175	F	0.241
cpbgf_6002870-RA	2	753	2.6560424966799467	7.96e-05	74.23638778220452	F	0.252
cpbgf_6003103-RA	2	1860	1.075268817204301	6.09e-05	20.456989247311828	F	0.2265
cpbgf_6003160-RA	2	2487	0.8041817450743868	8.3e-05	67.28990751909932	F	0.257
cpbgf_6003210-RA	2	1443	1.386001386001386	6.945000000000001e-05	42.376992376992376	F	0.23750000000000002
cpbgf_6003770-RA	2	1281	1.56128024980484	3.07e-05	49.687743950039035	F	0.193
cpbgf_6003960-RA	2	3303	0.6055101422948834	7.99e-05	45.655464729034215	F	0.257
cpbgf_6004040-RA	2	3615	0.5532503457814661	5.53e-05	36.48686030428769	F	0.225
cpbgf_6004210-RA	2	3555	0.5625879043600562	3.63e-05	43.628691983122366	F	0.1945
cpbgf_6004280-RA	2	1371	1.4587892049598834	7.96e-05	57.002188183807434	F	0.252
cpbgf_6004370-RA	2	1671	1.196888090963495	4.645e-05	14.153201675643327	F	0.20900000000000002
cpbgf_6004530-RA	2	2808	0.7122507122507122	3.26e-05	28.38319088319088	F	0.193
cpbgf_6004550-RA	2	2766	0.7230657989877078	3.07e-05	57.049891540130155	F	0.193
cpbgf_6004800-RA	2	1320	1.5151515151515151	4.6015e-05	80.75757575757575	F	0.225
cpbgf_6004830-RA	2	1632	1.2254901960784315	5.769999999999999e-05	31.311274509803923	F	0.215
cpbgf_6004870-RA	2	1695	1.1799410029498525	3.07e-05	72.12389380530973	F	0.193
cpbgf_6004950-RA	2	789	2.5348542458808616	4.195e-05	23.130544993662863	F	0.199
cpbgf_6005180-RA	2	2208	0.9057971014492754	6.11e-05	17.663043478260867	F	0.229
cpbgf_6005250-RA	2	6699	0.2985520226899537	5.53e-05	51.2539184952978	T	0.225
cpbgf_6005420-RA	2	3951	0.5062009617818274	3.63e-05	94.31789420399897	F	0.1945
cpbgf_600640-RA	2	2745	0.7285974499089253	3.07e-05	59.81785063752277	F	0.193
cpbgf_600770-RA	2	777	2.574002574002574	5.53e-05	66.28056628056629	F	0.225
cpbgf_600900-RA	2	2142	0.9337068160597572	4.645e-05	68.04388422035481	F	0.20900000000000002
cpbgf_7001090-RA	2	1191	1.6792611251049538	3.07e-05	57.68261964735517	F	0.193
cpbgf_7001170-RA	2	3225	0.6201550387596899	8.845000000000001e-05	84.03100775193799	F	0.268
cpbgf_7001260-RA	2	3126	0.6397952655150352	3.07e-05	18.74600127959053	F	0.193
cpbgf_7001340-RA	2	3255	0.6144393241167435	8.999999999999999e-05	75.23809523809524	F	0.268
cpbgf_7001360-RA	2	3039	0.6581112207963146	3.63e-05	61.30306021717671	F	0.1945
cpbgf_7001400-RA	2	2193	0.9119927040583675	4.195e-05	48.90560875512996	F	0.199
cpbgf_7001410-RA	2	1884	1.0615711252653928	5.685e-05	48.08917197452229	F	0.225
cpbgf_7001540-RA	2	1599	1.2507817385866167	4.195e-05	7.317073170731707	F	0.199
cpbgf_7001585-RA	2	4611	0.4337453914552158	4.195e-05	72.93428757319452	F	0.199
cpbgf_7001670-RA	2	3450	0.5797101449275363	6.385000000000001e-05	50.36231884057971	F	0.23600000000000002
cpbgf_7001680-RA	2	648	3.0864197530864197	4.645e-05	94.44444444444444	F	0.20900000000000002
cpbgf_7002110-RA	2	786	2.544529262086514	2.1765e-05	85.17811704834605	F	0.193
cpbgf_7002660-RA	2	2106	0.9496676163342831	5.769999999999999e-05	80.43684710351377	F	0.215
cpbgf_700300-RA	2	5025	0.3980099502487562	4.7550000000000004e-05	40.46766169154229	F	0.2005
cpbgf_7003010-RA	2	615	3.252032520325203	3.07e-05	32.357723577235774	F	0.193
cpbgf_7003633-RA	2	1443	1.386001386001386	4.195e-05	64.8995148995149	F	0.199
cpbgf_700390-RA	2	1158	1.7271157167530224	3.63e-05	94.73229706390327	F	0.1945
cpbgf_7004030-RA	2	1761	1.135718341851221	4.8349999999999996e-05	24.077228847245884	F	0.20900000000000002
cpbgf_7004150-RA	2	1890	1.0582010582010584	5.53e-05	50.18518518518518	F	0.225
cpbgf_7004310-RA	2	4998	0.4001600640256103	7.96e-05	61.50460184073629	F	0.252
cpbgf_7004325-RA	2	1785	1.1204481792717087	5.53e-05	63.0812324929972	F	0.225
cpbgf_7004350-RA	2	4983	0.4013646397752358	7.104999999999999e-05	43.35741521171985	F	0.241
cpbgf_7004480-RA	2	1152	1.736111111111111	7.96e-05	80.12152777777777	F	0.252
cpbgf_7004600-RA	2	1713	1.1675423234092235	6.655e-05	52.130764740221835	F	0.23099999999999998
cpbgf_7005000-RA	2	1827	1.0946907498631637	3.07e-05	90.64039408866995	F	0.193
cpbgf_7005440-RA	2	9690	0.20639834881320948	6.09e-05	23.761609907120743	F	0.2265
cpbgf_7005460-RA	2	2901	0.6894174422612892	6.655e-05	48.87969665632541	F	0.23099999999999998
cpbgf_700670-RA	2	936	2.136752136752137	3.63e-05	62.873931623931625	F	0.1945
cpbgf_700680-RA	2	2340	0.8547008547008547	3.07e-05	67.47863247863248	F	0.193
cpbgf_8001100-RA	2	3906	0.5120327700972862	3.5615e-05	24.756784434203787	F	0.20900000000000002
cpbgf_8001440-RA	2	1254	1.594896331738437	5.53e-05	80.14354066985646	F	0.225
cpbgf_8001520-RA	2	3618	0.5527915975677169	5.53e-05	28.869541182974018	F	0.225
cpbgf_8001750-RA	2	1476	1.3550135501355014	3.07e-05	51.28726287262873	F	0.193
cpbgf_8002520-RA	2	3843	0.5204267499349466	6.09e-05	13.791308873276085	T	0.2265
cpbgf_8002790-RA	2	12543	0.1594514868851152	3.07e-05	87.1322650083712	F	0.193
cpbgf_8002800-RA	2	1731	1.1554015020219526	3.07e-05	68.34199884459849	F	0.193
cpbgf_8003180-RA	2	2496	0.8012820512820512	4.645e-05	60.1161858974359	F	0.20900000000000002
cpbgf_8003370-RA	2	1227	1.6299918500407498	5.875e-05	74.32762836185819	F	0.225
cpbgf_8003520-RA	2	3375	0.5925925925925926	5.32e-05	60.05925925925926	F	0.205
cpbgf_8003640-RA	2	4398	0.4547521600727603	8.845000000000001e-05	97.57844474761256	F	0.268
cpbgf_8003720-RA	2	1428	1.4005602240896358	6.385000000000001e-05	22.478991596638657	F	0.23600000000000002
cpbgf_8003860-RA	2	2091	0.9564801530368245	3.63e-05	73.69679579148732	F	0.1945
cpbgf_8003990-RA	2	1575	1.2698412698412698	5.685e-05	43.49206349206349	F	0.225
cpbgf_8004030-RA	2	6000	0.3333333333333333	6.385000000000001e-05	45.458333333333336	F	0.23600000000000002
cpbgf_80040-RA	2	2655	0.7532956685499058	1.9865e-05	50.58380414312618	F	0.193
cpbgf_8004190-RA	2	1911	1.0465724751439038	4.6015e-05	75.87650444793302	F	0.225
cpbgf_8004510-RA	2	3237	0.6178560395427866	5.53e-05	62.38801359283287	F	0.225
cpbgf_8004770-RA	2	5898	0.339097999321804	4.195e-05	85.36792132926416	F	0.199
cpbgf_8004800-RA	2	2343	0.8536064874093043	3.07e-05	13.935125906956891	F	0.193
cpbgf_8004830-RA	2	1428	1.4005602240896358	1.9865e-05	60.154061624649856	F	0.193
cpbgf_800490-RA	2	2772	0.7215007215007215	5.685e-05	69.06565656565655	F	0.225
cpbgf_800680-RA	2	3006	0.6653359946773121	5.769999999999999e-05	13.00731869594145	F	0.215
cpbgf_80080-RA	2	1413	1.4154281670205238	5.769999999999999e-05	88.6765746638358	F	0.215
cpbgf_800920-RA	2	1632	1.2254901960784315	2.5465e-05	52.14460784313725	F	0.1945
cpbgf_100100-RA	1	3117	0.32082130253448826	6.22e-05	32.51523901187039	F	0.225
cpbgf_1001190-RA	1	2634	0.37965072133637057	9.7e-05	9.244495064540622	F	0.279
cpbgf_1001200-RA	1	924	1.0822510822510822	3.07e-05	10.227272727272728	F	0.193
cpbgf_1001230-RA	1	3198	0.31269543464665417	3.07e-05	41.260162601626014	F	0.193
cpbgf_1001250-RA	1	7332	0.13638843426077468	5.32e-05	6.7444080741953085	F	0.205
cpbgf_1001310-RA	1	930	1.075268817204301	5.32e-05	34.46236559139785	F	0.205
cpbgf_1001330-RA	1	2424	0.41254125412541254	4.19e-05	50.92821782178218	F	0.196
cpbgf_1001390-RA	1	1392	0.7183908045977011	3.07e-05	57.866379310344826	F	0.193
cpbgf_1001470-RA	1	1998	0.5005005005005005	9.7e-05	66.34134134134135	F	0.279
cpbgf_100150-RA	1	2988	0.33467202141900937	9.03e-06	69.82931726907631	F	0.193
cpbgf_1001520-RA	1	9027	0.11077877478675086	3.45e-05	73.54048964218455	F	0.193
cpbgf_1001580-RA	1	2793	0.35803795202291444	5.32e-05	96.22269960615826	F	0.205
cpbgf_1001590-RA	1	579	1.7271157167530224	5.32e-05	41.36442141623489	F	0.205
cpbgf_100160-RA	1	2802	0.35688793718772305	5.32e-05	38.418986438258386	F	0.205
cpbgf_1001630-RA	1	498	2.008032128514056	9.7e-05	71.18473895582329	F	0.279
cpbgf_1001660-RA	1	324	3.0864197530864197	5.32e-05	93.05555555555556	F	0.205
cpbgf_1001680-RA	1	3084	0.324254215304799	7.99e-05	94.2769130998703	F	0.257
cpbgf_1001700-RA	1	2331	0.429000429000429	3.07e-05	88.91033891033892	F	0.193
cpbgf_1001710-RA	1	894	1.1185682326621924	5.32e-05	55.64876957494407	F	0.205
cpbgf_1001790-RA	1	1983	0.5042864346949067	4.19e-05	25.693393847705497	F	0.196
cpbgf_1001840-RA	1	2799	0.3572704537334762	9.7e-05	22.561629153269024	F	0.279
cpbgf_1001890-RA	1	681	1.4684287812041115	4.19e-05	11.086637298091043	F	0.196
cpbgf_1001920-RA	1	13839	0.07225955632632416	3.07e-05	96.65076956427487	F	0.193
cpbgf_1001960-RA	1	603	1.658374792703151	4.19e-05	69.23714759535655	F	0.196
cpbgf_1001980-RA	1	1494	0.6693440428380187	7.99e-05	69.04283801874163	F	0.257
cpbgf_1002290-RA	1	1992	0.502008032128514	3.07e-05	66.64156626506023	F	0.193
cpbgf_1002300-RA	1	4701	0.21272069772388852	6.22e-05	83.588598170602	F	0.225
cpbgf_1002380-RA	1	1689	0.5920663114268797	3.07e-05	92.51036116044997	F	0.193
cpbgf_1002470-RA	1	951	1.0515247108307044	5.32e-05	15.615141955835963	F	0.205
cpbgf_1002570-RA	1	4347	0.23004370830457788	4.19e-05	40.43018173452956	F	0.196
cpbgf_1002580-RA	1	744	1.3440860215053765	5.32e-05	18.481182795698924	F	0.205
cpbgf_1002620-RA	1	6264	0.15964240102171137	5.32e-05	44.97924648786717	F	0.205
cpbgf_1002635-RA	1	1230	0.8130081300813008	9.03e-06	55.569105691056905	F	0.193
cpbgf_1002640-RA	1	291	3.4364261168384878	9.03e-06	97.07903780068729	F	0.193
cpbgf_1002650-RA	1	2598	0.3849114703618168	9.7e-05	43.2832948421863	F	0.279
cpbgf_1002680-RA	1	867	1.1534025374855825	8.3e-05	3.0565167243367934	F	0.257
cpbgf_1002690-RA	1	1224	0.8169934640522876	5.32e-05	36.72385620915033	F	0.205
cpbgf_100270-RA	1	672	1.488095238095238	8.77e-05	13.616071428571427	F	0.265
cpbgf_1002710-RA	1	1068	0.9363295880149812	9.7e-05	27.013108614232213	F	0.279
cpbgf_1002750-RA	1	1896	0.5274261603375527	4.19e-05	27.558016877637133	F	0.196
cpbgf_1002770-RA	1	3846	0.26001040041601664	4.19e-05	99.25897035881435	F	0.196
cpbgf_1002773-RA	1	867	1.1534025374855825	9.7e-05	49.30795847750865	F	0.279
cpbgf_1002790-RA	1	315	3.1746031746031744	4.19e-05	86.82539682539682	F	0.196
cpbgf_1002850-RA	1	3468	0.28835063437139563	3.07e-05	41.594579008073815	F	0.193
cpbgf_1002870-RA	1	2079	0.48100048100048104	4.19e-05	92.80904280904281	F	0.196
cpbgf_1002890-RA	1	2946	0.3394433129667345	3.07e-05	37.729124236252545	F	0.193
cpbgf_100290-RA	1	1467	0.6816632583503749	3.07e-05	42.63803680981595	F	0.193
cpbgf_1002990-RA	1	432	2.314814814814815	5.32e-05	77.66203703703704	F	0.205
cpbgf_1003060-RA	1	1380	0.7246376811594203	3.45e-05	90.2536231884058	F	0.193
cpbgf_1003080-RA	1	11340	0.08818342151675486	3.07e-05	65.96560846560845	F	0.193
cpbgf_1003190-RA	1	2226	0.44923629829290207	9.03e-06	55.63791554357592	F	0.193
cpbgf_1003290-RA	1	2190	0.45662100456621	9.03e-06	16.689497716894977	F	0.193
cpbgf_1003330-RA	1	567	1.763668430335097	3.07e-05	12.433862433862434	F	0.193
cpbgf_1003340-RA	1	918	1.0893246187363836	5.32e-05	14.324618736383442	F	0.205
cpbgf_1003343-RA	1	468	2.136752136752137	3.07e-05	33.65384615384615	F	0.193
cpbgf_1003390-RA	1	1383	0.7230657989877078	6.22e-05	19.269703543022416	F	0.225
cpbgf_1003500-RA	1	2064	0.4844961240310077	4.19e-05	78.9001937984496	F	0.196
cpbgf_1003510-RA	1	1524	0.6561679790026247	3.07e-05	21.423884514435695	F	0.193
cpbgf_100360-RA	1	2511	0.39824771007566706	4.19e-05	86.55913978494624	F	0.196
cpbgf_1003620-RA	1	1107	0.9033423667570009	3.07e-05	93.27009936766034	F	0.193
cpbgf_1003640-RA	1	1569	0.6373486297004461	9.03e-06	78.17080943275973	F	0.193
cpbgf_1003670-RA	1	6168	0.1621271076523995	3.07e-05	92.37191958495461	F	0.193
cpbgf_1003700-RA	1	1362	0.7342143906020557	3.07e-05	11.19676945668135	F	0.193
cpbgf_1003710-RA	1	2088	0.4789272030651341	5.32e-05	67.93582375478927	F	0.205
cpbgf_1003760-RA	1	3480	0.28735632183908044	9.7e-05	91.39367816091955	F	0.279
cpbgf_1003820-RA	1	2988	0.33467202141900937	5.32e-05	4.902945113788487	F	0.205
cpbgf_1003850-RA	1	2741	0.36483035388544327	3.07e-05	77.9824881430135	F	0.193
cpbgf_1003950-RA	1	1218	0.8210180623973727	6.22e-05	15.9688013136289	F	0.225
cpbgf_10040-RA	1	1014	0.9861932938856016	5.32e-05	31.31163708086785	F	0.205
cpbgf_10050-RA	1	2871	0.34831069313827934	8.3e-05	67.90316962730756	F	0.257
cpbgf_100540-RA	1	498	2.008032128514056	9.03e-06	4.718875502008032	F	0.193
cpbgf_100550-RA	1	8988	0.11125945705384957	3.45e-05	90.88228749443704	F	0.193
cpbgf_100580-RA	1	2454	0.40749796251018744	7.99e-05	2.506112469437653	T	0.257
cpbgf_10060-RA	1	990	1.0101010101010102	3.07e-05	20.555555555555554	F	0.193
cpbgf_100640-RA	1	3819	0.2618486514794449	9.7e-05	44.84158156585494	F	0.279
cpbgf_100670-RA	1	3531	0.28320589068252616	9.7e-05	51.27442650807137	F	0.279
cpbgf_100720-RA	1	636	1.5723270440251573	3.07e-05	18.31761006289308	F	0.193
cpbgf_100733-RA	1	486	2.05761316872428	4.19e-05	86.72839506172839	F	0.196
cpbgf_100770-RA	1	1485	0.6734006734006734	4.19e-05	72.02020202020202	F	0.196
cpbgf_100830-RA	1	2985	0.33500837520938026	5.32e-05	59.882747068676714	T	0.205
cpbgf_100880-RA	1	1218	0.8210180623973727	5.32e-05	20.402298850574713	F	0.205
cpbgf_100910-RA	1	576	1.736111111111111	3.07e-05	15.538194444444445	F	0.193
cpbgf_100960-RA	1	1458	0.6858710562414265	7.99e-05	95.91906721536351	F	0.257
cpbgf_100970-RA	1	2502	0.3996802557953637	3.07e-05	65.96722621902478	F	0.193
cpbgf_100990-RA	1	3444	0.29036004645760743	7.99e-05	63.748548199767704	F	0.257
cpbgf_2001000-RA	1	1920	0.5208333333333334	8.3e-05	31.536458333333332	F	0.257
cpbgf_200100-RA	1	723	1.3831258644536653	7.99e-05	96.61134163208852	F	0.257
cpbgf_2001010-RA	1	1761	0.5678591709256104	8.3e-05	11.669505962521294	F	0.257
cpbgf_2001100-RA	1	2913	0.34328870580157916	3.45e-05	55.66426364572605	F	0.193
cpbgf_2001130-RA	1	2046	0.4887585532746823	5.32e-05	10.874877810361681	F	0.205
cpbgf_2001180-RA	1	1428	0.7002801120448179	9.7e-05	82.1078431372549	F	0.279
cpbgf_2001220-RA	1	1716	0.5827505827505828	3.07e-05	85.6934731934732	F	0.193
cpbgf_2001260-RA	1	2436	0.41050903119868637	7.99e-05	79.16666666666666	F	0.257
cpbgf_2001370-RA	1	2634	0.37965072133637057	4.19e-05	18.58390280941534	F	0.196
cpbgf_2001480-RA	1	1317	0.7593014426727411	9.7e-05	93.81169324221716	F	0.279
cpbgf_2001500-RA	1	1623	0.6161429451632779	9.7e-05	22.273567467652494	F	0.279
cpbgf_2001510-RA	1	2415	0.4140786749482402	3.07e-05	25.36231884057971	F	0.193
cpbgf_2001600-RA	1	2589	0.3862495171881035	7.99e-05	81.17033603707995	F	0.257
cpbgf_2001710-RA	1	4014	0.24912805181863476	5.32e-05	82.07523667164924	F	0.205
cpbgf_2001760-RA	1	1008	0.992063492063492	5.32e-05	34.077380952380956	F	0.205
cpbgf_2001860-RA	1	3741	0.2673082063619353	8.77e-05	29.577653033948142	F	0.265
cpbgf_2001870-RA	1	942	1.0615711252653928	8.3e-05	87.20806794055201	F	0.257
cpbgf_2002040-RA	1	1221	0.819000819000819	7.99e-05	97.66584766584766	F	0.257
cpbgf_2002090-RA	1	3114	0.3211303789338471	3.07e-05	42.0199100834939	F	0.193
cpbgf_2002240-RA	1	1386	0.7215007215007215	3.07e-05	68.72294372294373	F	0.193
cpbgf_2002270-RA	1	1038	0.9633911368015414	4.19e-05	91.57032755298651	F	0.196
cpbgf_2002280-RA	1	1680	0.5952380952380953	9.7e-05	8.00595238095238	F	0.279
cpbgf_2002310-RA	1	1635	0.6116207951070336	9.03e-06	69.51070336391437	F	0.193
cpbgf_2002320-RA	1	5061	0.19758940920766646	7.99e-05	16.5283540802213	F	0.257
cpbgf_200250-RA	1	393	2.544529262086514	5.32e-05	2.1628498727735366	F	0.205
cpbgf_2002600-RA	1	1086	0.9208103130755064	4.19e-05	70.30386740331491	F	0.196
cpbgf_2002730-RA	1	3489	0.2866150759529951	5.32e-05	5.431355689309258	F	0.205
cpbgf_2002770-RA	1	6555	0.15255530129672007	6.22e-05	62.55530129672005	F	0.225
cpbgf_2002840-RA	1	3315	0.301659125188537	3.07e-05	9.366515837104073	F	0.193
cpbgf_2002850-RA	1	570	1.7543859649122808	4.19e-05	4.649122807017544	F	0.196
cpbgf_2002880-RA	1	1122	0.8912655971479501	9.7e-05	82.04099821746881	F	0.279
cpbgf_2002930-RA	1	1785	0.5602240896358543	9.7e-05	13.80952380952381	F	0.279
cpbgf_2002940-RA	1	3399	0.2942041776993233	9.03e-06	75.97822889085025	F	0.193
cpbgf_2002990-RA	1	624	1.6025641025641024	9.03e-06	28.28525641025641	F	0.193
cpbgf_2003010-RA	1	2244	0.44563279857397503	9.7e-05	61.34135472370767	F	0.279
cpbgf_2003020-RA	1	528	1.893939393939394	5.32e-05	6.15530303030303	F	0.205
cpbgf_2003070-RA	1	549	1.8214936247723132	3.07e-05	92.07650273224044	F	0.193
cpbgf_2003090-RA	1	1599	0.6253908692933083	9.03e-06	40.30644152595372	F	0.193
cpbgf_2003100-RA	1	1533	0.6523157208088715	8.3e-05	11.448140900195694	F	0.257
cpbgf_2003170-RA	1	2037	0.49091801669121254	4.19e-05	50.9327442317133	F	0.196
cpbgf_2003240-RA	1	1245	0.8032128514056225	3.07e-05	71.84738955823293	F	0.193
cpbgf_2003270-RA	1	1707	0.5858230814294083	6.22e-05	16.1394258933802	F	0.225
cpbgf_2003320-RA	1	2451	0.4079967360261118	9.03e-06	10.261117911056711	F	0.193
cpbgf_2003370-RA	1	828	1.2077294685990339	8.3e-05	76.14734299516908	F	0.257
cpbgf_2003400-RA	1	2451	0.4079967360261118	3.07e-05	27.274581803345573	F	0.193
cpbgf_2003440-RA	1	4800	0.20833333333333334	3.45e-05	47.489583333333336	F	0.193
cpbgf_2003460-RA	1	2175	0.45977011494252873	8.77e-05	8.25287356321839	F	0.265
cpbgf_2003500-RA	1	2115	0.47281323877068554	5.32e-05	42.90780141843972	F	0.205
cpbgf_2003580-RA	1	1803	0.5546311702717693	8.77e-05	80.33832501386577	F	0.265
cpbgf_2003620-RA	1	4062	0.2461841457410143	4.19e-05	0.5046774987690792	F	0.196
cpbgf_2003680-RA	1	2133	0.46882325363338023	8.77e-05	26.418190342240976	F	0.265
cpbgf_2003700-RA	1	4659	0.214638334406525	6.22e-05	69.21013092938398	F	0.225
cpbgf_200370-RA	1	822	1.2165450121654502	3.07e-05	93.49148418491484	F	0.193
cpbgf_2003800-RA	1	1110	0.9009009009009009	3.07e-05	86.26126126126125	F	0.193
cpbgf_2003830-RA	1	2058	0.48590864917395526	7.99e-05	77.67249757045676	F	0.257
cpbgf_2003840-RA	1	1080	0.9259259259259259	7.99e-05	63.00925925925925	F	0.257
cpbgf_2003860-RA	1	1575	0.6349206349206349	5.32e-05	27.58730158730159	F	0.205
cpbgf_2003870-RA	1	5787	0.17280110592707795	4.19e-05	10.981510281665804	F	0.196
cpbgf_200390-RA	1	468	2.136752136752137	8.3e-05	81.94444444444444	F	0.257
cpbgf_2003950-RA	1	744	1.3440860215053765	9.03e-06	12.432795698924732	F	0.193
cpbgf_200400-RA	1	585	1.7094017094017093	5.32e-05	81.45299145299145	F	0.205
cpbgf_2004070-RA	1	966	1.0351966873706004	7.99e-05	73.55072463768117	F	0.257
cpbgf_2004150-RA	1	1179	0.8481764206955047	8.3e-05	70.44105173876166	F	0.257
cpbgf_2004170-RA	1	360	2.7777777777777777	6.22e-05	67.36111111111111	F	0.225
cpbgf_2004180-RA	1	468	2.136752136752137	3.45e-05	10.790598290598291	F	0.193
cpbgf_2004190-RA	1	3465	0.2886002886002886	4.19e-05	14.0981240981241	F	0.196
cpbgf_2004230-RA	1	447	2.237136465324385	8.3e-05	81.76733780760627	F	0.257
cpbgf_2004260-RA	1	666	1.5015015015015014	3.07e-05	3.978978978978979	F	0.193
cpbgf_2004340-RA	1	1692	0.5910165484633569	7.99e-05	20.537825059101657	T	0.257
cpbgf_2004350-RA	1	3846	0.26001040041601664	3.45e-05	96.71086843473738	F	0.193
cpbgf_200480-RA	1	1413	0.7077140835102619	5.32e-05	94.23213021939137	F	0.205
cpbgf_20050-RA	1	1500	0.6666666666666666	8.3e-05	83.96666666666667	F	0.257
cpbgf_200520-RA	1	927	1.0787486515641855	5.32e-05	37.48651564185545	F	0.205
cpbgf_20060-RA	1	4626	0.21616947686986596	7.99e-05	95.8171206225681	F	0.257
cpbgf_200610-RA	1	885	1.1299435028248588	6.22e-05	83.67231638418079	F	0.225
cpbgf_200650-RA	1	1956	0.5112474437627812	3.07e-05	61.630879345603276	F	0.193
cpbgf_200680-RA	1	5361	0.18653236336504384	8.3e-05	94.67450102592801	F	0.257
cpbgf_20070-RA	1	4392	0.22768670309653916	5.32e-05	84.68806921675774	F	0.205
cpbgf_200720-RA	1	1041	0.9606147934678194	4.19e-05	52.017291066282425	F	0.196
cpbgf_200730-RA	1	1224	0.8169934640522876	8.3e-05	25.694444444444443	F	0.257
cpbgf_200790-RA	1	3744	0.26709401709401714	5.32e-05	63.60844017094017	F	0.205
cpbgf_200870-RA	1	684	1.461988304093567	5.32e-05	38.08479532163743	F	0.205
cpbgf_200920-RA	1	3081	0.32456994482310936	7.99e-05	10.499837715027589	F	0.257
cpbgf_200940-RA	1	3192	0.3132832080200501	3.07e-05	59.75877192982456	F	0.193
cpbgf_200960-RA	1	1833	0.5455537370430987	3.45e-05	16.17566830332788	F	0.193
cpbgf_200970-RA	1	2310	0.4329004329004329	9.7e-05	8.896103896103897	F	0.279
cpbgf_3001050-RA	1	4131	0.2420721374969741	4.19e-05	83.30912611958364	F	0.196
cpbgf_3001110-RA	1	11508	0.08689607229753216	5.32e-05	7.659888773027459	F	0.205
cpbgf_3001150-RA	1	972	1.02880658436214	3.07e-05	66.92386831275721	F	0.193
cpbgf_3001290-RA	1	765	1.3071895424836601	5.32e-05	46.60130718954248	T	0.205
cpbgf_3001300-RA	1	504	1.984126984126984	9.7e-05	46.92460317460318	F	0.279
cpbgf_3001400-RA	1	3984	0.251004016064257	5.32e-05	66.25251004016064	F	0.205
cpbgf_3001410-RA	1	333	3.003003003003003	8.3e-05	55.4054054054054	F	0.257
cpbgf_3001470-RA	1	945	1.0582010582010584	4.19e-05	72.64550264550265	F	0.196
cpbgf_3001580-RA	1	4164	0.24015369836695485	3.07e-05	92.13496637848223	F	0.193
cpbgf_3001610-RA	1	2568	0.3894080996884735	7.99e-05	14.933800623052958	F	0.257
cpbgf_3001880-RA	1	3411	0.2931691586045148	4.19e-05	21.67985927880387	F	0.196
cpbgf_3001970-RA	1	357	2.8011204481792715	7.99e-05	68.4873949579832	F	0.257
cpbgf_3001990-RA	1	3096	0.32299741602067183	7.99e-05	90.48772609819122	F	0.257
cpbgf_3002010-RA	1	3270	0.3058103975535168	5.32e-05	83.1651376146789	F	0.205
cpbgf_30020-RA	1	1131	0.8841732979664013	7.99e-05	47.43589743589743	F	0.257
cpbgf_3002150-RA	1	744	1.3440860215053765	7.99e-05	9.61021505376344	F	0.257
cpbgf_300220-RA	1	498	2.008032128514056	9.7e-05	67.9718875502008	F	0.279
cpbgf_3002260-RA	1	423	2.3640661938534278	5.32e-05	80.73286052009456	F	0.205
cpbgf_3002323-RA	1	2154	0.46425255338904364	4.19e-05	31.313834726090995	F	0.196
cpbgf_3002410-RA	1	3126	0.3198976327575176	4.19e-05	74.48816378758796	F	0.196
cpbgf_3002423-RA	1	1407	0.7107320540156361	3.07e-05	30.31272210376688	F	0.193
cpbgf_3002610-RA	1	576	1.736111111111111	3.07e-05	8.072916666666668	F	0.193
cpbgf_3002690-RA	1	1896	0.5274261603375527	9.03e-06	50.44831223628692	F	0.193
cpbgf_3002706-RA	1	2625	0.380952380952381	3.07e-05	40.05714285714286	F	0.193
cpbgf_300270-RA	1	3264	0.30637254901960786	7.99e-05	81.8780637254902	F	0.257
cpbgf_3002740-RA	1	1629	0.6138735420503376	3.07e-05	86.70963781461019	F	0.193
cpbgf_3002770-RA	1	2931	0.34118048447628796	5.32e-05	3.8382804503582397	F	0.205
cpbgf_3002780-RA	1	3291	0.3038590094196293	6.22e-05	44.31783652385293	F	0.225
cpbgf_3002790-RA	1	2556	0.39123630672926446	7.99e-05	41.84272300469484	F	0.257
cpbgf_300280-RA	1	4320	0.23148148148148148	7.99e-05	65.68287037037037	F	0.257
cpbgf_3002820-RA	1	2472	0.4045307443365696	8.3e-05	71.581715210356	F	0.257
cpbgf_3002860-RA	1	2001	0.49975012493753124	5.32e-05	4.672663668165917	F	0.205
cpbgf_3002890-RA	1	7140	0.1400560224089636	9.7e-05	52.93417366946779	F	0.279
cpbgf_3002920-RA	1	996	1.004016064257028	3.07e-05	40.91365461847389	F	0.193
cpbgf_3002960-RA	1	8076	0.12382367508667656	6.22e-05	6.345963348192174	F	0.225
cpbgf_3002970-RA	1	3633	0.2752546105147261	3.07e-05	97.67409854115057	F	0.193
cpbgf_3002980-RA	1	3597	0.2780094523213789	5.32e-05	61.23158187378371	F	0.205
cpbgf_3003050-RA	1	960	1.0416666666666667	5.32e-05	35.364583333333336	F	0.205
cpbgf_3003180-RA	1	2028	0.4930966469428008	7.99e-05	37.10552268244576	F	0.257
cpbgf_300330-RA	1	855	1.1695906432748537	6.22e-05	32.92397660818713	F	0.225
cpbgf_3003330-RA	1	2892	0.3457814661134163	3.07e-05	87.39626556016597	F	0.193
cpbgf_3003340-RA	1	4338	0.2305209774089442	3.07e-05	12.413554633471646	F	0.193
cpbgf_3003370-RA	1	4524	0.22104332449160033	5.32e-05	38.229442970822284	F	0.205
cpbgf_3003380-RA	1	1986	0.5035246727089627	9.7e-05	31.847935548841892	F	0.279
cpbgf_3003400-RA	1	345	2.898550724637681	3.45e-05	48.55072463768116	F	0.193
cpbgf_3003430-RA	1	5310	0.18832391713747645	9.03e-06	35.7532956685499	F	0.193
cpbgf_3003510-RA	1	366	2.73224043715847	4.19e-05	70.3551912568306	F	0.196
cpbgf_3003550-RA	1	3348	0.29868578255675027	7.99e-05	49.98506571087216	F	0.257
cpbgf_3003620-RA	1	4644	0.2153316106804479	5.32e-05	76.60422049956934	F	0.205
cpbgf_3003700-RA	1	3024	0.3306878306878307	9.03e-06	27.46362433862434	F	0.193
cpbgf_3003760-RA	1	543	1.8416206261510129	3.07e-05	75.04604051565377	F	0.193
cpbgf_300380-RA	1	3183	0.3141690229343387	4.19e-05	43.905120955073826	F	0.196
cpbgf_3003860-RA	1	1446	0.6915629322268326	3.07e-05	75.20746887966806	F	0.193
cpbgf_3003880-RA	1	3108	0.32175032175032175	9.03e-06	12.596525096525097	F	0.193
cpbgf_3003900-RA	1	3024	0.3306878306878307	6.22e-05	80.0760582010582	F	0.225
cpbgf_3003980-RA	1	2400	0.4166666666666667	7.99e-05	59.395833333333336	F	0.257
cpbgf_3004030-RA	1	750	1.3333333333333333	8.3e-05	68.86666666666666	F	0.257
cpbgf_3004090-RA	1	8637	0.1157809424568716	4.19e-05	68.77966886650458	F	0.196
cpbgf_3004110-RA	1	2100	0.47619047619047616	9.03e-06	94.78571428571428	F	0.193
cpbgf_3004180-RA	1	3606	0.27731558513588467	9.7e-05	61.051026067665006	F	0.279
cpbgf_3004230-RA	1	1677	0.5963029218843172	9.7e-05	4.502087060226595	F	0.279
cpbgf_3004260-RA	1	3519	0.2841716396703609	9.7e-05	60.34384768400114	F	0.279
cpbgf_3004270-RA	1	3531	0.28320589068252616	9.7e-05	60.47861795525347	F	0.279
cpbgf_3004360-RA	1	1278	0.7824726134585289	6.22e-05	14.280125195618155	F	0.225
cpbgf_300500-RA	1	1299	0.7698229407236336	5.32e-05	69.24557351809084	F	0.205
cpbgf_30050-RA	1	3627	0.27570995312930796	3.07e-05	45.230217810862975	F	0.193
cpbgf_300520-RA	1	1170	0.8547008547008547	7.99e-05	11.324786324786325	F	0.257
cpbgf_300660-RA	1	2649	0.3775009437523594	4.19e-05	49.018497546243864	F	0.196
cpbgf_300730-RA	1	1260	0.7936507936507936	4.19e-05	39.24603174603175	F	0.196
cpbgf_300780-RA	1	1119	0.8936550491510277	3.07e-05	38.29311885612154	F	0.193
cpbgf_300850-RA	1	1314	0.76103500761035	4.19e-05	7.876712328767123	F	0.196
cpbgf_300890-RA	1	411	2.4330900243309004	8.3e-05	50.97323600973236	F	0.257
cpbgf_300970-RA	1	474	2.109704641350211	5.32e-05	30.27426160337553	F	0.205
cpbgf_4001000-RA	1	2448	0.4084967320261438	3.07e-05	13.214869281045752	F	0.193
cpbgf_4001070-RA	1	705	1.4184397163120568	5.32e-05	41.63120567375886	F	0.205
cpbgf_4001080-RA	1	2040	0.49019607843137253	8.77e-05	19.09313725490196	F	0.265
cpbgf_40010-RA	1	483	2.070393374741201	3.45e-05	71.94616977225672	F	0.193
cpbgf_4001320-RA	1	2406	0.41562759767248547	7.99e-05	59.95428096425602	F	0.257
cpbgf_4001330-RA	1	1644	0.6082725060827251	3.07e-05	14.020681265206814	F	0.193
cpbgf_4001350-RA	1	2877	0.3475842891901286	4.19e-05	9.05457073340285	F	0.196
cpbgf_4001400-RA	1	1152	0.8680555555555555	8.3e-05	17.14409722222222	F	0.257
cpbgf_4001480-RA	1	3270	0.3058103975535168	9.7e-05	76.22324159021406	F	0.279
cpbgf_4001520-RA	1	912	1.0964912280701753	7.99e-05	65.40570175438597	F	0.257
cpbgf_4001530-RA	1	1341	0.7457121551081282	8.77e-05	26.584638329604772	F	0.265
cpbgf_4001537-RA	1	480	2.0833333333333335	9.03e-06	44.895833333333336	F	0.193
cpbgf_4001590-RA	1	6813	0.1467782181124321	3.07e-05	30.948187289006313	F	0.193
cpbgf_4001690-RA	1	4704	0.21258503401360543	6.22e-05	56.68579931972789	F	0.225
cpbgf_4001700-RA	1	2079	0.48100048100048104	3.07e-05	24.65127465127465	F	0.193
cpbgf_4001770-RA	1	729	1.371742112482853	4.19e-05	24.21124828532236	F	0.196
cpbgf_4001840-RA	1	2493	0.40112314480545525	9.03e-06	13.939029281989571	F	0.193
cpbgf_4002040-RA	1	330	3.0303030303030303	4.19e-05	55.6060606060606	F	0.196
cpbgf_4002070-RA	1	1314	0.76103500761035	7.99e-05	94.48249619482496	F	0.257
cpbgf_4002150-RA	1	2184	0.45787545787545786	4.19e-05	24.427655677655675	F	0.196
cpbgf_4002200-RA	1	3711	0.26946914578280784	5.32e-05	73.92886014551334	F	0.205
cpbgf_4002240-RA	1	3966	0.2521432173474534	4.19e-05	38.666162380231974	F	0.196
cpbgf_4002270-RA	1	1143	0.8748906386701663	3.45e-05	48.512685914260715	F	0.193
cpbgf_4002350-RA	1	1068	0.9363295880149812	3.07e-05	30.383895131086142	F	0.193
cpbgf_4002360-RA	1	1680	0.5952380952380953	7.99e-05	85.08928571428571	F	0.257
cpbgf_4002430-RA	1	2514	0.3977724741447892	6.22e-05	69.63007159904535	F	0.225
cpbgf_4002520-RA	1	825	1.2121212121212122	9.7e-05	27.93939393939394	F	0.279
cpbgf_4002670-RA	1	10386	0.09628345850182939	9.7e-05	65.44868091661853	F	0.279
cpbgf_4002730-RA	1	2964	0.3373819163292847	8.3e-05	82.97908232118758	F	0.257
cpbgf_400290-RA	1	2061	0.485201358563804	9.03e-06	74.0174672489083	F	0.193
cpbgf_4003010-RA	1	816	1.2254901960784315	9.7e-05	5.575980392156863	F	0.279
cpbgf_40030-RA	1	1341	0.7457121551081282	3.07e-05	9.806114839671887	F	0.193
cpbgf_4003110-RA	1	2211	0.4522840343735866	4.19e-05	87.4038896426956	F	0.196
cpbgf_4003220-RA	1	408	2.450980392156863	8.77e-05	21.936274509803923	F	0.265
cpbgf_4003265-RA	1	159	6.289308176100629	9.03e-06	33.64779874213836	F	0.193
cpbgf_4003270-RA	1	2421	0.4130524576621231	9.7e-05	33.18876497315159	T	0.279
cpbgf_4003290-RA	1	1548	0.6459948320413437	3.07e-05	73.93410852713178	F	0.193
cpbgf_4003310-RA	1	1932	0.5175983436853002	9.03e-06	96.24741200828157	F	0.193
cpbgf_4003350-RA	1	1110	0.9009009009009009	5.32e-05	43.1981981981982	T	0.205
cpbgf_4003400-RA	1	2301	0.434593654932638	3.07e-05	98.9787049109083	F	0.193
cpbgf_4003430-RA	1	6387	0.1565680288085173	9.03e-06	32.91842805699076	F	0.193
cpbgf_4003470-RA	1	1326	0.7541478129713424	3.07e-05	79.75113122171946	F	0.193
cpbgf_4003560-RA	1	1596	0.6265664160401002	3.07e-05	67.82581453634086	F	0.193
cpbgf_400360-RA	1	2682	0.3728560775540641	3.07e-05	59.82475764354959	F	0.193
cpbgf_4003610-RA	1	1749	0.5717552887364208	3.07e-05	52.91595197255574	F	0.193
cpbgf_4003750-RA	1	1941	0.5151983513652757	4.19e-05	98.17104585265326	F	0.196
cpbgf_4003820-RA	1	2637	0.37921880925293894	3.07e-05	7.8308684110731885	F	0.193
cpbgf_4003830-RA	1	5211	0.19190174630589138	4.19e-05	62.51199385914412	F	0.196
cpbgf_4003840-RA	1	6564	0.15234613040828765	3.07e-05	51.43967093235832	F	0.193
cpbgf_4003910-RA	1	924	1.0822510822510822	3.07e-05	51.89393939393939	F	0.193
cpbgf_4003970-RA	1	2586	0.3866976024748647	5.32e-05	18.54215003866976	F	0.205
cpbgf_4004050-RA	1	1806	0.5537098560354374	3.07e-05	77.21483942414174	F	0.193
cpbgf_4004080-RA	1	1383	0.7230657989877078	5.32e-05	27.94649313087491	F	0.205
cpbgf_4004090-RA	1	3192	0.3132832080200501	7.99e-05	91.40037593984962	F	0.257
cpbgf_40040-RA	1	1965	0.5089058524173028	4.19e-05	47.099236641221374	F	0.196
cpbgf_4004100-RA	1	987	1.0131712259371835	8.3e-05	44.022289766970616	F	0.257
cpbgf_400410-RA	1	1158	0.8635578583765112	8.3e-05	49.17962003454232	F	0.257
cpbgf_4004230-RA	1	2403	0.4161464835622139	3.07e-05	55.368289637952564	F	0.193
cpbgf_4004320-RA	1	2607	0.3835826620636747	9.7e-05	48.42731108553893	F	0.279
cpbgf_400440-RA	1	3444	0.29036004645760743	9.03e-06	21.675377468060393	F	0.193
cpbgf_4004410-RA	1	2802	0.35688793718772305	4.19e-05	94.41470378301213	F	0.196
cpbgf_4004460-RA	1	1566	0.6385696040868455	7.99e-05	42.94380587484036	F	0.257
cpbgf_4004490-RA	1	2817	0.35498757543485976	3.07e-05	40.45083422080227	F	0.193
cpbgf_400520-RA	1	1158	0.8635578583765112	5.32e-05	29.74956822107081	F	0.205
cpbgf_400570-RA	1	444	2.2522522522522523	9.03e-06	12.04954954954955	F	0.193
cpbgf_400670-RA	1	2817	0.35498757543485976	4.19e-05	85.53425630102947	F	0.196
cpbgf_400680-RA	1	2043	0.4894762604013706	3.07e-05	66.29955947136564	F	0.193
cpbgf_400690-RA	1	5805	0.1722652885443583	4.19e-05	59.30232558139535	F	0.196
cpbgf_400710-RA	1	675	1.4814814814814814	7.99e-05	75.33333333333333	F	0.257
cpbgf_40080-RA	1	2511	0.39824771007566706	4.19e-05	46.61489446435683	F	0.196
cpbgf_400860-RA	1	3741	0.2673082063619353	6.22e-05	17.65570703020583	F	0.225
cpbgf_400880-RA	1	2022	0.4945598417408506	3.07e-05	58.67952522255193	F	0.193
cpbgf_400930-RA	1	2100	0.47619047619047616	8.3e-05	3.404761904761905	F	0.257
cpbgf_400940-RA	1	882	1.1337868480725624	5.32e-05	75.79365079365078	F	0.205
cpbgf_5001010-RA	1	2316	0.4317789291882556	5.32e-05	59.04576856649395	T	0.205
cpbgf_5001030-RA	1	1236	0.8090614886731392	4.19e-05	79.81391585760518	F	0.196
cpbgf_5001084-RA	1	1332	0.7507507507507507	3.07e-05	64.82732732732732	F	0.193
cpbgf_5001170-RA	1	2250	0.4444444444444445	4.19e-05	47.75555555555556	F	0.196
cpbgf_500130-RA	1	5766	0.1734304543877905	4.19e-05	88.02462712452306	F	0.196
cpbgf_5001360-RA	1	6066	0.16485328058028356	8.77e-05	18.488295417078803	F	0.265
cpbgf_500140-RA	1	579	1.7271157167530224	8.3e-05	52.245250431778935	F	0.257
cpbgf_5001423-RA	1	2595	0.3853564547206166	9.03e-06	20.327552986512522	F	0.193
cpbgf_5001440-RA	1	4806	0.20807324178110695	5.32e-05	91.47940074906367	F	0.205
cpbgf_5001480-RA	1	3705	0.2699055330634278	5.32e-05	15.695006747638326	F	0.205
cpbgf_5001490-RA	1	7779	0.1285512276642242	6.22e-05	40.29438231135107	F	0.225
cpbgf_5001500-RA	1	834	1.199040767386091	4.19e-05	87.82973621103118	F	0.196
cpbgf_500150-RA	1	2727	0.3667033370003667	4.19e-05	3.722038870553722	F	0.196
cpbgf_5001630-RA	1	1647	0.6071645415907712	7.99e-05	51.70006071645415	F	0.257
cpbgf_5001800-RA	1	2133	0.46882325363338023	3.07e-05	62.564463197374586	F	0.193
cpbgf_5001890-RA	1	1611	0.6207324643078833	5.32e-05	53.97268777157045	F	0.205
cpbgf_5002020-RA	1	1242	0.8051529790660226	4.19e-05	66.86795491143317	F	0.196
cpbgf_5002060-RA	1	1854	0.5393743257820928	9.03e-06	91.55879180151025	F	0.193
cpbgf_5002080-RA	1	5412	0.18477457501847747	4.19e-05	69.18883961566888	F	0.196
cpbgf_5002130-RA	1	3228	0.3097893432465923	3.07e-05	79.35254027261462	F	0.193
cpbgf_5002190-RA	1	1419	0.7047216349541932	8.3e-05	62.33262861169838	F	0.257
cpbgf_5002210-RA	1	456	2.1929824561403506	9.03e-06	15.021929824561402	F	0.193
cpbgf_5002220-RA	1	381	2.6246719160104988	7.99e-05	82.54593175853019	F	0.257
cpbgf_500230-RA	1	1395	0.7168458781362007	3.07e-05	48.99641577060932	F	0.193
cpbgf_5002320-RA	1	843	1.1862396204033216	3.07e-05	68.86120996441281	F	0.193
cpbgf_5002343-RA	1	1575	0.6349206349206349	8.3e-05	80.22222222222221	F	0.257
cpbgf_5002380-RA	1	1086	0.9208103130755064	8.3e-05	65.14732965009208	F	0.257
cpbgf_5002430-RA	1	489	2.044989775051125	3.07e-05	94.78527607361963	F	0.193
cpbgf_5002440-RA	1	2124	0.4708097928436911	3.07e-05	79.30790960451978	F	0.193
cpbgf_5002460-RA	1	2574	0.3885003885003885	5.32e-05	47.416472416472416	F	0.205
cpbgf_5002550-RA	1	690	1.4492753623188406	7.99e-05	58.768115942028984	F	0.257
cpbgf_5002570-RA	1	1107	0.9033423667570009	5.32e-05	55.510388437217706	F	0.205
cpbgf_5002590-RA	1	1089	0.9182736455463728	3.07e-05	57.71349862258953	F	0.193
cpbgf_5002690-RA	1	1941	0.5151983513652757	5.32e-05	39.85059247810407	F	0.205
cpbgf_500270-RA	1	3468	0.28835063437139563	9.03e-06	81.04094579008074	F	0.193
cpbgf_5002820-RA	1	633	1.5797788309636651	4.19e-05	16.034755134281202	F	0.196
cpbgf_5002840-RA	1	7938	0.12597631645250695	3.07e-05	21.082136558327033	F	0.193
cpbgf_5002900-RA	1	1287	0.777000777000777	3.07e-05	52.56410256410257	F	0.193
cpbgf_5003073-RA	1	2547	0.39261876717707106	3.07e-05	82.62661955241461	F	0.193
cpbgf_500310-RA	1	1836	0.5446623093681918	5.32e-05	15.16884531590414	F	0.205
cpbgf_5003130-RA	1	14343	0.06972042111134351	5.32e-05	95.9108973018197	F	0.205
cpbgf_5003140-RA	1	6210	0.1610305958132045	7.99e-05	16.900161030595815	F	0.257
cpbgf_5003160-RA	1	1131	0.8841732979664013	3.07e-05	53.801945181255526	F	0.193
cpbgf_5003230-RA	1	666	1.5015015015015014	7.99e-05	40.61561561561561	F	0.257
cpbgf_5003350-RA	1	597	1.6750418760469012	4.19e-05	21.52428810720268	F	0.196
cpbgf_5003420-RA	1	11610	0.08613264427217915	5.32e-05	25.83548664944014	F	0.205
cpbgf_500350-RA	1	1905	0.5249343832020997	3.07e-05	65.32808398950132	F	0.193
cpbgf_5003720-RA	1	396	2.5252525252525255	4.19e-05	90.78282828282829	F	0.196
cpbgf_5003800-RA	1	1641	0.6093845216331506	3.07e-05	72.3034734917733	F	0.193
cpbgf_5003810-RA	1	1044	0.9578544061302682	7.99e-05	44.49233716475096	F	0.257
cpbgf_5003830-RA	1	540	1.8518518518518519	6.22e-05	26.38888888888889	F	0.225
cpbgf_5003860-RA	1	3042	0.3287310979618672	9.7e-05	46.13740959894806	F	0.279
cpbgf_500390-RA	1	3414	0.29291154071470415	5.32e-05	96.96836555360281	F	0.205
cpbgf_5003980-RA	1	1737	0.5757052389176742	3.07e-05	47.98503166378814	F	0.193
cpbgf_500400-RA	1	3015	0.33167495854063017	8.3e-05	3.3665008291873963	F	0.257
cpbgf_5004040-RA	1	2499	0.4001600640256103	3.07e-05	93.3373349339736	F	0.193
cpbgf_5004090-RA	1	3825	0.26143790849673204	5.32e-05	26.339869281045754	F	0.205
cpbgf_5004150-RA	1	3582	0.27917364600781686	7.99e-05	94.9609156895589	F	0.257
cpbgf_500420-RA	1	4299	0.23261223540358222	7.99e-05	72.14468481042104	F	0.257
cpbgf_5004210-RA	1	873	1.1454753722794961	7.99e-05	27.77777777777778	F	0.257
cpbgf_5004250-RA	1	2598	0.3849114703618168	4.19e-05	95.70823710546574	F	0.196
cpbgf_5004400-RA	1	1851	0.5402485143165856	4.19e-05	19.25985953538628	F	0.196
cpbgf_500530-RA	1	765	1.3071895424836601	6.22e-05	2.287581699346405	F	0.225
cpbgf_500560-RA	1	2550	0.39215686274509803	4.19e-05	9.274509803921568	F	0.196
cpbgf_500640-RA	1	1158	0.8635578583765112	3.45e-05	88.29879101899827	F	0.193
cpbgf_500660-RA	1	603	1.658374792703151	8.3e-05	62.76948590381426	F	0.257
cpbgf_500690-RA	1	2199	0.4547521600727603	3.45e-05	42.269213278763075	F	0.193
cpbgf_500700-RA	1	1509	0.6626905235255136	9.7e-05	86.6467859509609	F	0.279
cpbgf_50070-RA	1	3447	0.2901073397156948	9.03e-06	28.445024659123874	F	0.193
cpbgf_500780-RA	1	3723	0.2686005909213	8.3e-05	26.33628793983347	F	0.257
cpbgf_6001010-RA	1	2148	0.4655493482309125	6.22e-05	58.07728119180633	F	0.225
cpbgf_6001030-RA	1	1698	0.5889281507656066	3.45e-05	19.58186101295642	F	0.193
cpbgf_6001050-RA	1	453	2.207505518763797	3.07e-05	73.62030905077262	F	0.193
cpbgf_6001083-RA	1	258	3.875968992248062	9.03e-06	20.73643410852713	F	0.193
cpbgf_6001090-RA	1	1110	0.9009009009009009	3.07e-05	78.78378378378378	F	0.193
cpbgf_6001110-RA	1	1377	0.7262164124909223	3.07e-05	53.92156862745098	F	0.193
cpbgf_6001160-RA	1	2127	0.4701457451810061	8.3e-05	30.441937000470148	F	0.257
cpbgf_6001270-RA	1	1761	0.5678591709256104	8.3e-05	54.59965928449745	F	0.257
cpbgf_6001300-RA	1	1065	0.9389671361502347	7.99e-05	35.164319248826295	F	0.257
cpbgf_6001330-RA	1	993	1.0070493454179255	3.07e-05	47.68378650553877	F	0.193
cpbgf_6001340-RA	1	3618	0.27639579878385845	6.22e-05	47.084024322830295	F	0.225
cpbgf_6001480-RA	1	1644	0.6082725060827251	9.7e-05	1.6119221411192215	F	0.279
cpbgf_6001510-RA	1	2085	0.47961630695443647	9.03e-06	97.67386091127098	F	0.193
cpbgf_6001560-RA	1	810	1.2345679012345678	4.19e-05	71.79012345679013	F	0.196
cpbgf_6001660-RA	1	3381	0.2957704821058858	8.77e-05	52.721088435374156	F	0.265
cpbgf_6001720-RA	1	846	1.1820330969267139	9.03e-06	78.07328605200946	F	0.193
cpbgf_6001760-RA	1	2832	0.3531073446327684	3.45e-05	87.69420903954803	F	0.193
cpbgf_6001780-RA	1	1746	0.5727376861397481	4.19e-05	18.699885452462773	F	0.196
cpbgf_600190-RA	1	1830	0.546448087431694	7.99e-05	21.065573770491802	F	0.257
cpbgf_6002000-RA	1	5031	0.19876764062810573	9.03e-06	41.969787318624526	F	0.193
cpbgf_6002060-RA	1	7995	0.12507817385866166	6.22e-05	56.80425265791119	F	0.225
cpbgf_6002070-RA	1	3291	0.3038590094196293	9.7e-05	43.04162868429049	F	0.279
cpbgf_6002080-RA	1	4767	0.20977554017201594	5.32e-05	80.92091462135514	F	0.205
cpbgf_6002110-RA	1	2895	0.3454231433506045	4.19e-05	78.1174438687392	F	0.196
cpbgf_6002130-RA	1	1173	0.8525149190110827	9.7e-05	24.765558397271953	F	0.279
cpbgf_6002240-RA	1	4431	0.22568269013766645	9.7e-05	96.67118032046942	F	0.279
cpbgf_6002300-RA	1	6021	0.16608536787908987	3.07e-05	99.12805181863477	F	0.193
cpbgf_6002330-RA	1	909	1.1001100110011	4.19e-05	50.110011001100105	F	0.196
cpbgf_6002370-RA	1	2109	0.474158368895211	8.3e-05	55.26315789473685	F	0.257
cpbgf_6002390-RA	1	2508	0.39872408293460926	8.3e-05	58.59250398724083	F	0.257
cpbgf_6002470-RA	1	1968	0.508130081300813	3.07e-05	61.05182926829268	F	0.193
cpbgf_6002500-RA	1	4455	0.2244668911335578	3.07e-05	42.053872053872055	F	0.193
cpbgf_6002560-RA	1	3405	0.2936857562408223	3.07e-05	83.50954478707783	F	0.193
cpbgf_6002600-RA	1	2079	0.48100048100048104	5.32e-05	99.15824915824916	F	0.205
cpbgf_6002660-RA	1	3303	0.3027550711474417	6.22e-05	87.81410838631547	F	0.225
cpbgf_6002720-RA	1	1266	0.7898894154818326	4.19e-05	21.05055292259084	F	0.196
cpbgf_600273-RA	1	3990	0.2506265664160401	4.19e-05	10.864661654135338	F	0.196
cpbgf_6002806-RA	1	906	1.1037527593818985	5.32e-05	6.236203090507726	F	0.205
cpbgf_6002920-RA	1	1266	0.7898894154818326	5.32e-05	50.67140600315956	F	0.205
cpbgf_6003010-RA	1	2241	0.44622936189201245	5.32e-05	99.26372155287818	F	0.205
cpbgf_6003190-RA	1	1179	0.8481764206955047	9.03e-06	15.648854961832063	F	0.193
cpbgf_6003390-RA	1	6477	0.1543924656476764	3.45e-05	31.920642272657098	F	0.193
cpbgf_6003420-RA	1	2379	0.4203446826397646	3.07e-05	38.14627994955864	F	0.193
cpbgf_6003520-RA	1	4200	0.23809523809523808	9.7e-05	41.91666666666667	F	0.279
cpbgf_6003540-RA	1	912	1.0964912280701753	5.32e-05	64.74780701754386	F	0.205
cpbgf_6003570-RA	1	2733	0.3658982802780827	4.19e-05	11.617270398829126	F	0.196
cpbgf_6003620-RA	1	1191	0.8396305625524769	7.99e-05	30.184718723761545	F	0.257
cpbgf_6003630-RA	1	2013	0.49677098857426727	4.19e-05	39.915548931942375	F	0.196
cpbgf_6003790-RA	1	1020	0.9803921568627451	8.3e-05	36.127450980392155	T	0.257
cpbgf_600400-RA	1	984	1.016260162601626	3.45e-05	72.51016260162602	F	0.193
cpbgf_6004050-RA	1	2403	0.4161464835622139	5.32e-05	61.818560133166876	F	0.205
cpbgf_6004300-RA	1	2175	0.45977011494252873	3.07e-05	7.011494252873564	F	0.193
cpbgf_6004330-RA	1	954	1.0482180293501049	7.99e-05	90.19916142557652	F	0.257
cpbgf_6004340-RA	1	4443	0.22507314877335133	3.07e-05	36.360567184334904	F	0.193
cpbgf_6004350-RA	1	1299	0.7698229407236336	9.7e-05	97.88298691301	F	0.279
cpbgf_6004380-RA	1	1491	0.670690811535882	4.19e-05	25.11737089201878	F	0.196
cpbgf_600440-RA	1	1110	0.9009009009009009	3.07e-05	2.9279279279279278	F	0.193
cpbgf_6004420-RA	1	2973	0.3363605785401951	9.7e-05	49.8318197107299	F	0.279
cpbgf_6004560-RA	1	5694	0.17562346329469616	3.07e-05	32.218124341412015	F	0.193
cpbgf_6004610-RA	1	1053	0.9496676163342831	9.7e-05	94.06457739791072	F	0.279
cpbgf_6004650-RA	1	2907	0.3439972480220158	8.3e-05	5.555555555555555	F	0.257
cpbgf_6004690-RA	1	2076	0.4816955684007707	8.3e-05	35.57321772639692	F	0.257
cpbgf_6004700-RA	1	4197	0.23826542768644268	7.99e-05	67.58398856325947	T	0.257
cpbgf_6004750-RA	1	3096	0.32299741602067183	4.19e-05	2.890826873385013	F	0.196
cpbgf_6004780-RA	1	1221	0.819000819000819	7.99e-05	83.90663390663391	F	0.257
cpbgf_6004820-RA	1	1299	0.7698229407236336	3.07e-05	36.83602771362587	F	0.193
cpbgf_6004840-RA	1	3975	0.25157232704402516	5.32e-05	85.64779874213838	F	0.205
cpbgf_6004970-RA	1	1857	0.5385029617662898	7.99e-05	93.83414108777598	F	0.257
cpbgf_6004990-RA	1	1152	0.8680555555555555	4.19e-05	62.19618055555556	F	0.196
cpbgf_6005140-RA	1	1410	0.7092198581560284	7.99e-05	44.43262411347518	F	0.257
cpbgf_600520-RA	1	3315	0.301659125188537	6.22e-05	98.89894419306185	F	0.225
cpbgf_6005280-RA	1	3345	0.29895366218236175	4.19e-05	41.06128550074739	T	0.196
cpbgf_6005293-RA	1	2517	0.3972983710766786	6.22e-05	30.850218514104093	F	0.225
cpbgf_6005310-RA	1	3909	0.25581990278843697	4.19e-05	28.99718598106933	F	0.196
cpbgf_6005350-RA	1	2325	0.43010752688172044	3.07e-05	34.55913978494623	F	0.193
cpbgf_6005430-RA	1	1347	0.7423904974016332	4.19e-05	15.775798069784708	F	0.196
cpbgf_6005450-RA	1	1932	0.5175983436853002	9.7e-05	71.55797101449275	F	0.279
cpbgf_600610-RA	1	1371	0.7293946024799417	5.32e-05	37.38147337709701	F	0.205
cpbgf_600880-RA	1	5676	0.1761804087385483	9.03e-06	54.6247357293869	F	0.193
cpbgf_60090-RA	1	2340	0.42735042735042733	9.7e-05	45.96153846153846	T	0.279
cpbgf_600930-RA	1	1158	0.8635578583765112	8.3e-05	58.506044905008636	F	0.257
cpbgf_600940-RA	1	1647	0.6071645415907712	4.19e-05	44.59623557984214	F	0.196
cpbgf_600960-RA	1	1230	0.8130081300813008	9.03e-06	3.6178861788617884	F	0.193
cpbgf_7001160-RA	1	4191	0.23860653781913624	8.77e-05	10.868527797661656	F	0.265
cpbgf_7001200-RA	1	3042	0.3287310979618672	4.19e-05	67.14332675871137	F	0.196
cpbgf_7001230-RA	1	1374	0.727802037845706	4.19e-05	22.889374090247454	F	0.196
cpbgf_7001250-RA	1	1329	0.7524454477050414	7.99e-05	27.95334838224229	F	0.257
cpbgf_7001350-RA	1	1209	0.8271298593879239	3.07e-05	83.33333333333334	F	0.193
cpbgf_7001440-RA	1	1392	0.7183908045977011	7.99e-05	70.65373563218391	F	0.257
cpbgf_7001520-RA	1	876	1.141552511415525	9.7e-05	86.92922374429224	F	0.279
cpbgf_7001690-RA	1	267	3.745318352059925	8.77e-05	3.932584269662921	F	0.265
cpbgf_7001750-RA	1	1218	0.8210180623973727	3.07e-05	84.4417077175698	F	0.193
cpbgf_7001850-RA	1	3954	0.25290844714213456	4.19e-05	33.19423368740516	F	0.196
cpbgf_7001980-RA	1	1473	0.678886625933469	7.99e-05	49.25322471147318	F	0.257
cpbgf_700200-RA	1	1059	0.9442870632672333	7.99e-05	59.15958451369217	F	0.257
cpbgf_7002010-RA	1	2043	0.4894762604013706	3.07e-05	0.8076358296622614	F	0.193
cpbgf_7002060-RA	1	594	1.6835016835016834	5.32e-05	76.17845117845118	F	0.205
cpbgf_7002180-RA	1	2361	0.4235493434985176	9.03e-06	12.642947903430748	F	0.193
cpbgf_7002310-RA	1	1656	0.6038647342995169	5.32e-05	93.5084541062802	F	0.205
cpbgf_7002340-RA	1	6672	0.14988009592326137	9.03e-06	4.309052757793765	F	0.193
cpbgf_7002370-RA	1	858	1.1655011655011656	5.32e-05	93.64801864801865	F	0.205
cpbgf_7002430-RA	1	1383	0.7230657989877078	4.19e-05	74.80115690527838	F	0.196
cpbgf_7002530-RA	1	7164	0.13958682300390843	8.77e-05	5.492741485203797	F	0.265
cpbgf_7002570-RA	1	3567	0.28034763106251753	5.32e-05	31.10456966638632	F	0.205
cpbgf_7002610-RA	1	1743	0.5737234652897303	7.99e-05	42.65633964429145	F	0.257
cpbgf_7002680-RA	1	1362	0.7342143906020557	3.07e-05	8.039647577092511	F	0.193
cpbgf_7002770-RA	1	4554	0.21958717610891526	4.19e-05	94.87263943785683	F	0.196
cpbgf_7002790-RA	1	1185	0.8438818565400844	7.99e-05	89.66244725738397	F	0.257
cpbgf_7002920-RA	1	2376	0.42087542087542085	3.07e-05	70.64393939393939	F	0.193
cpbgf_7003040-RA	1	5232	0.191131498470948	9.7e-05	94.02714067278288	F	0.279
cpbgf_7003060-RA	1	3606	0.27731558513588467	9.03e-06	92.52634498058791	F	0.193
cpbgf_7003080-RA	1	1998	0.5005005005005005	4.19e-05	55.38038038038038	F	0.196
cpbgf_70030-RA	1	7425	0.13468013468013468	5.32e-05	26.175084175084173	F	0.205
cpbgf_7003120-RA	1	1731	0.5777007510109763	7.99e-05	13.835932986712882	F	0.257
cpbgf_7003230-RA	1	714	1.4005602240896358	3.45e-05	38.16526610644257	F	0.193
cpbgf_7003270-RA	1	3384	0.29550827423167847	5.32e-05	4.122340425531915	F	0.205
cpbgf_7003390-RA	1	2385	0.4192872117400419	9.03e-06	22.536687631027252	F	0.193
cpbgf_700340-RA	1	2199	0.4547521600727603	7.99e-05	62.59663483401546	F	0.257
cpbgf_7003410-RA	1	1779	0.5621135469364812	7.99e-05	13.462619449128724	F	0.257
cpbgf_7003450-RA	1	1908	0.5241090146750524	3.07e-05	89.28197064989519	F	0.193
cpbgf_7003470-RA	1	3993	0.25043826696719257	9.7e-05	48.52241422489356	F	0.279
cpbgf_7003480-RA	1	1875	0.5333333333333333	6.22e-05	52.77333333333334	F	0.225
cpbgf_7003680-RA	1	2376	0.42087542087542085	3.45e-05	95.77020202020202	F	0.193
cpbgf_700370-RA	1	1836	0.5446623093681918	3.07e-05	85.37581699346404	F	0.193
cpbgf_7003750-RA	1	2385	0.4192872117400419	7.99e-05	83.66876310272536	F	0.257
cpbgf_7003800-RA	1	8706	0.11486331265793706	8.3e-05	58.81575924649667	F	0.257
cpbgf_7003820-RA	1	4266	0.23441162681669012	3.07e-05	63.3497421472105	F	0.193
cpbgf_7003830-RA	1	1812	0.5518763796909493	9.03e-06	42.19094922737307	F	0.193
cpbgf_7003860-RA	1	3780	0.2645502645502646	9.7e-05	13.240740740740742	F	0.279
cpbgf_7003880-RA	1	1884	0.5307855626326964	3.07e-05	79.59129511677283	F	0.193
cpbgf_7003885-RA	1	1374	0.727802037845706	7.99e-05	66.26637554585153	F	0.257
cpbgf_7004050-RA	1	240	4.166666666666667	4.19e-05	82.29166666666666	F	0.196
cpbgf_7004105-RA	1	2181	0.4585052728106373	3.07e-05	2.3154516276937187	F	0.193
cpbgf_700410-RA	1	1218	0.8210180623973727	9.03e-06	79.26929392446634	F	0.193
cpbgf_7004190-RA	1	3390	0.2949852507374631	9.7e-05	80.07374631268436	F	0.279
cpbgf_7004240-RA	1	822	1.2165450121654502	3.07e-05	97.26277372262774	F	0.193
cpbgf_7004260-RA	1	1821	0.5491488193300385	8.77e-05	15.458539264140583	F	0.265
cpbgf_7004270-RA	1	750	1.3333333333333333	3.07e-05	59.53333333333334	F	0.193
cpbgf_7004340-RA	1	9729	0.10278548668927948	9.7e-05	66.59985610031863	F	0.279
cpbgf_7004390-RA	1	924	1.0822510822510822	5.32e-05	37.93290043290043	F	0.205
cpbgf_7004420-RA	1	2481	0.40306328093510685	9.03e-06	73.29705763804918	F	0.193
cpbgf_7004470-RA	1	1362	0.7342143906020557	3.07e-05	71.91629955947137	F	0.193
cpbgf_7004520-RA	1	4182	0.23912003825920614	5.32e-05	68.71114299378289	F	0.205
cpbgf_7004640-RA	1	906	1.1037527593818985	5.32e-05	57.450331125827816	F	0.205
cpbgf_7004680-RA	1	1167	0.8568980291345331	3.07e-05	35.347043701799485	F	0.193
cpbgf_7004790-RA	1	2055	0.48661800486618007	5.32e-05	74.08759124087592	F	0.205
cpbgf_7004890-RA	1	987	1.0131712259371835	9.03e-06	65.29888551165148	F	0.193
cpbgf_7004900-RA	1	2733	0.3658982802780827	9.7e-05	48.53640687888767	F	0.279
cpbgf_7004980-RA	1	6456	0.15489467162329615	8.3e-05	90.62112763320943	F	0.257
cpbgf_7005040-RA	1	3123	0.3202049311559398	4.19e-05	14.008965738072366	F	0.196
cpbgf_7005050-RA	1	4188	0.2387774594078319	5.32e-05	94.878223495702	F	0.205
cpbgf_7005060-RA	1	384	2.6041666666666665	3.07e-05	16.015625	F	0.193
cpbgf_7005110-RA	1	1371	0.7293946024799417	5.32e-05	50.729394602479935	F	0.205
cpbgf_7005140-RA	1	909	1.1001100110011	3.45e-05	94.33443344334434	F	0.193
cpbgf_7005150-RA	1	1890	0.5291005291005292	5.32e-05	56.798941798941804	F	0.205
cpbgf_7005310-RA	1	594	1.6835016835016834	3.07e-05	73.14814814814815	F	0.193
cpbgf_7005370-RA	1	1176	0.8503401360544217	4.19e-05	38.22278911564626	F	0.196
cpbgf_7005430-RA	1	1746	0.5727376861397481	4.19e-05	77.57731958762886	F	0.196
cpbgf_700550-RA	1	1209	0.8271298593879239	9.03e-06	40.65343258891646	F	0.193
cpbgf_700560-RA	1	1995	0.5012531328320802	3.07e-05	14.260651629072681	F	0.193
cpbgf_7005780-RA	1	1218	0.8210180623973727	6.22e-05	15.9688013136289	F	0.225
cpbgf_700600-RA	1	1845	0.5420054200542005	3.07e-05	76.12466124661246	F	0.193
cpbgf_70080-RA	1	939	1.0649627263045793	4.19e-05	47.55058572949947	F	0.196
cpbgf_700860-RA	1	8331	0.12003360941063497	9.03e-06	80.1524426839515	F	0.193
cpbgf_70090-RA	1	2739	0.36509675063891933	3.07e-05	93.33698430083972	F	0.193
cpbgf_700910-RA	1	1182	0.8460236886632826	5.32e-05	85.4906937394247	F	0.205
cpbgf_700920-RA	1	3171	0.315357931251971	5.32e-05	1.5610217596972564	F	0.205
cpbgf_700980-RA	1	4683	0.21353833013025839	3.45e-05	49.18855434550502	F	0.193
cpbgf_700990-RA	1	1374	0.727802037845706	4.19e-05	90.42940320232896	F	0.196
cpbgf_8001050-RA	1	2097	0.47687172150691465	9.7e-05	36.88602765855985	F	0.279
cpbgf_8001080-RA	1	1989	0.5027652086475616	3.07e-05	25.26395173453997	F	0.193
cpbgf_8001120-RA	1	1593	0.6277463904582549	9.7e-05	73.79158819836786	F	0.279
cpbgf_8001133-RA	1	1227	0.8149959250203749	3.07e-05	84.22982885085575	F	0.193
cpbgf_8001150-RA	1	1041	0.9606147934678194	7.99e-05	64.21709894332372	F	0.257
cpbgf_8001260-RA	1	2154	0.46425255338904364	3.07e-05	19.7075208913649	F	0.193
cpbgf_8001300-RA	1	4185	0.23894862604540024	7.99e-05	40.39426523297492	F	0.257
cpbgf_800140-RA	1	3186	0.31387319522912743	9.7e-05	21.076585059635907	F	0.279
cpbgf_8001540-RA	1	795	1.2578616352201257	3.45e-05	47.9874213836478	F	0.193
cpbgf_8001600-RA	1	2370	0.4219409282700422	4.19e-05	67.0675105485232	F	0.196
cpbgf_8001700-RA	1	1410	0.7092198581560284	9.7e-05	96.34751773049646	F	0.279
cpbgf_8001770-RA	1	3372	0.2965599051008304	4.19e-05	78.98873072360617	F	0.196
cpbgf_800180-RA	1	7455	0.1341381623071764	5.32e-05	5.211267605633803	F	0.205
cpbgf_8001810-RA	1	774	1.2919896640826873	3.07e-05	47.997416020671835	F	0.193
cpbgf_8001860-RA	1	2115	0.47281323877068554	6.22e-05	84.79905437352245	F	0.225
cpbgf_8002000-RA	1	3177	0.3147623544224111	4.19e-05	55.886056027699084	F	0.196
cpbgf_800200-RA	1	3393	0.2947244326554671	5.32e-05	87.16475095785441	F	0.205
cpbgf_8002090-RA	1	4476	0.22341376228775692	8.3e-05	35.44459338695264	F	0.257
cpbgf_8002100-RA	1	1221	0.819000819000819	9.03e-06	98.15724815724816	F	0.193
cpbgf_8002140-RA	1	855	1.1695906432748537	4.19e-05	76.4327485380117	F	0.196
cpbgf_8002210-RA	1	1257	0.7955449482895784	4.19e-05	85.16308671439936	F	0.196
cpbgf_8002320-RA	1	2190	0.45662100456621	4.19e-05	86.00456621004567	F	0.196
cpbgf_8002340-RA	1	384	2.6041666666666665	5.32e-05	89.453125	F	0.205
cpbgf_8002410-RA	1	2448	0.4084967320261438	3.07e-05	73.22303921568627	F	0.193
cpbgf_8002450-RA	1	3165	0.31595576619273297	8.3e-05	98.65718799368088	F	0.257
cpbgf_8002460-RA	1	1230	0.8130081300813008	3.07e-05	3.536585365853658	F	0.193
cpbgf_8002500-RA	1	1551	0.6447453255963894	3.07e-05	38.9103803997421	F	0.193
cpbgf_8002550-RA	1	4101	0.243842965130456	4.19e-05	21.714216044867104	F	0.196
cpbgf_8002570-RA	1	1218	0.8210180623973727	4.19e-05	68.92446633825944	F	0.196
cpbgf_8002660-RA	1	1199	0.8340283569641368	9.03e-06	74.85404503753128	F	0.193
cpbgf_8002720-RA	1	3606	0.27731558513588467	8.77e-05	3.951747088186356	F	0.265
cpbgf_8002750-RA	1	948	1.0548523206751055	3.07e-05	32.436708860759495	F	0.193
cpbgf_8002763-RA	1	855	1.1695906432748537	4.19e-05	33.62573099415205	F	0.196
cpbgf_8002770-RA	1	3927	0.25464731347084285	4.19e-05	74.39521263050675	F	0.196
cpbgf_8002910-RA	1	4116	0.24295432458697763	3.07e-05	46.41642371234208	F	0.193
cpbgf_8003130-RA	1	1557	0.6422607578676942	9.03e-06	64.51509312780989	F	0.193
cpbgf_8003210-RA	1	2754	0.36310820624546114	9.7e-05	6.735657225853305	F	0.279
cpbgf_8003272-RA	1	1866	0.5359056806002144	8.3e-05	56.61843515541265	F	0.257
cpbgf_8003450-RA	1	564	1.7730496453900708	5.32e-05	17.4645390070922	T	0.205
cpbgf_8003600-RA	1	1650	0.6060606060606061	4.19e-05	96.33333333333334	F	0.196
cpbgf_800370-RA	1	3729	0.2681684097613301	3.07e-05	98.96755162241888	F	0.193
cpbgf_8003760-RA	1	6372	0.15693659761456372	3.07e-05	16.988386691776522	F	0.193
cpbgf_8003900-RA	1	1284	0.778816199376947	7.99e-05	4.166666666666666	F	0.257
cpbgf_8003930-RA	1	1566	0.6385696040868455	3.07e-05	93.19923371647509	F	0.193
cpbgf_8004020-RA	1	2352	0.42517006802721086	4.19e-05	62.22363945578231	F	0.196
cpbgf_8004060-RA	1	1626	0.6150061500615006	7.99e-05	3.105781057810578	F	0.257
cpbgf_8004130-RA	1	1374	0.727802037845706	8.77e-05	49.52692867540029	F	0.265
cpbgf_8004170-RA	1	3204	0.3121098626716604	3.45e-05	37.43757802746567	F	0.193
cpbgf_8004240-RA	1	3954	0.25290844714213456	5.32e-05	79.57764289327264	F	0.205
cpbgf_8004280-RA	1	2037	0.49091801669121254	3.45e-05	92.46440844378989	F	0.193
cpbgf_800430-RA	1	780	1.2820512820512822	9.7e-05	80.83333333333333	F	0.279
cpbgf_8004310-RA	1	1062	0.9416195856873822	3.07e-05	23.681732580037664	F	0.193
cpbgf_8004370-RA	1	3003	0.333000333000333	4.19e-05	85.8974358974359	F	0.196
cpbgf_8004440-RA	1	1731	0.5777007510109763	9.03e-06	65.77123050259965	F	0.193
cpbgf_8004520-RA	1	414	2.4154589371980677	4.19e-05	23.792270531400966	F	0.196
cpbgf_8004570-RA	1	1425	0.7017543859649122	7.99e-05	63.96491228070176	F	0.257
cpbgf_8004600-RA	1	1287	0.777000777000777	4.19e-05	88.07303807303806	F	0.196
cpbgf_800480-RA	1	2922	0.34223134839151265	5.32e-05	35.57494866529774	F	0.205
cpbgf_8004850-RA	1	3477	0.2876042565429968	3.07e-05	32.94506758700029	F	0.193
cpbgf_8004860-RA	1	1893	0.5282620179609087	7.99e-05	60.67089276281036	F	0.257
cpbgf_8004910-RA	1	5811	0.17208742040956806	5.32e-05	28.110480123902942	F	0.205
cpbgf_8004950-RA	1	4266	0.23441162681669012	3.07e-05	56.809657759024844	F	0.193
cpbgf_8004970-RA	1	4558	0.21939447125932426	7.99e-05	60.84905660377359	F	0.257
cpbgf_8005186-RA	1	4329	0.23100023100023098	9.03e-06	52.24070224070224	F	0.193
cpbgf_8005300-RA	1	2451	0.4079967360261118	8.3e-05	94.71644226846185	F	0.257
cpbgf_8005310-RA	1	3711	0.26946914578280784	6.22e-05	21.005119913769875	F	0.225
cpbgf_800540-RA	1	2478	0.4035512510088781	8.3e-05	20.560936238902343	F	0.257
cpbgf_800570-RA	1	3117	0.32082130253448826	7.99e-05	23.147256977863332	F	0.257
cpbgf_800610-RA	1	2565	0.3898635477582846	5.32e-05	61.85185185185185	F	0.205
cpbgf_800620-RA	1	783	1.277139208173691	3.07e-05	55.23627075351213	F	0.193
cpbgf_800650-RA	1	465	2.150537634408602	3.07e-05	22.473118279569892	F	0.193
cpbgf_800690-RA	1	4062	0.2461841457410143	9.03e-06	76.13244707040867	F	0.193
cpbgf_800700-RA	1	2130	0.4694835680751174	3.07e-05	33.07511737089202	F	0.193
cpbgf_800710-RA	1	5484	0.18234865061998543	3.07e-05	89.43289569657185	F	0.193
cpbgf_800750-RA	1	2898	0.3450655624568668	9.7e-05	31.349206349206348	F	0.279
cpbgf_800800-RA	1	2805	0.35650623885918004	3.45e-05	36.16755793226382	F	0.193
cpbgf_800810-RA	1	4029	0.24820054604120131	9.7e-05	72.8096301811864	F	0.279
cpbgf_800860-RA	1	4149	0.24102193299590263	3.07e-05	57.18245360327789	F	0.193
cpbgf_800880-RA	1	1866	0.5359056806002144	4.19e-05	93.38156484458734	F	0.196
cpbgf_800910-RA	1	3747	0.26688017080330934	6.22e-05	19.92260475046704	F	0.225
